date,ls_ret
2009-07-13,-0.001066064427258453
2009-07-14,-0.0005596678223510083
2009-07-15,-0.0003814934641281258
2009-07-16,0.0013840947733253402
2009-07-17,-0.0013144136075188607
2009-07-20,-0.0004370005789061174
2009-07-21,0.0015347888861441759
2009-07-22,0.0009143857123360189
2009-07-23,0.0006792307536594832
2009-07-24,0.0010689641476211386
2009-07-27,0.0005018853033682412
2009-07-28,0.0008199691028247515
2009-07-29,-0.00039575790649132823
2009-07-30,0.00014251174556264358
2009-07-31,0.0016415932643485099
2009-08-03,0.0075947551387346175
2009-08-04,0.001342944387081246
2009-08-05,-0.004416610572828328
2009-08-06,-0.0004131936340225706
2009-08-07,0.0052270571768755665
2009-08-10,0.0018907395148231284
2009-08-11,-0.00115453954310923
2009-08-12,0.001826976307578474
2009-08-13,-0.000771360170188487
2009-08-14,-0.004905785870150697
2009-08-17,-0.0015716395439034085
2009-08-18,0.0009416793691292796
2009-08-19,-0.004584151208728241
2009-08-20,-0.0036162907857210796
2009-08-21,0.0012265543588443127
2009-08-24,-0.0022921948368846328
2009-08-25,0.0019457974371664523
2009-08-26,-0.004481441802461631
2009-08-27,0.003979531457961689
2009-08-28,-0.005484700025350304
2009-08-31,0.0029874211650743037
2009-09-01,-0.0047738719410822025
2009-09-02,-0.0024871393795968064
2009-09-03,-0.0006813315778388214
2009-09-04,0.007165353126802722
2009-09-07,-0.0006242353349309991
2009-09-08,0.0014193733264345736
2009-09-09,0.0034811138642487117
2009-09-10,-0.005220785468416318
2009-09-11,0.0008026417374442617
2009-09-14,-0.008106897770004153
2009-09-15,-0.0075539853354596904
2009-09-16,-0.0012967462951063557
2009-09-17,-0.01341754845778622
2009-09-18,0.00483373001700679
2009-09-21,-0.011253171480708663
2009-09-22,-0.00021912019279375031
2009-09-23,-0.0012102138994929585
2009-09-24,0.0031818291866648318
2009-09-25,0.001104025400099661
2009-09-28,0.0025756016741679388
2009-09-29,-0.0037056419178882766
2009-09-30,-0.000366079996422227
2009-10-01,-0.00010152090482106867
2009-10-02,-0.0004445338533509502
2009-10-05,0.0001777423574866779
2009-10-06,0.0013400699177837311
2009-10-07,-0.003298201982771241
2009-10-08,-0.00315535631946378
2009-10-09,-0.004351858376347103
2009-10-12,-0.002044922720273232
2009-10-13,0.0006580401884541355
2009-10-14,0.002000011425282463
2009-10-15,0.001441770791379103
2009-10-16,-0.004532689808016322
2009-10-19,0.0015061384818456898
2009-10-20,-0.003532642086728186
2009-10-21,-0.0033168479300802896
2009-10-22,-0.0025238888728417504
2009-10-23,0.001852708495247166
2009-10-26,-0.0024335822279653294
2009-10-27,0.0014562194223357357
2009-10-28,-0.003870081074662784
2009-10-29,0.0007235932992337973
2009-10-30,0.0015814081525871966
2009-11-02,0.002634177566480664
2009-11-03,0.003301430212043724
2009-11-04,-0.004482699045056592
2009-11-05,-0.007339229748641155
2009-11-06,0.0012750882257355333
2009-11-09,0.004769659369024184
2009-11-10,0.008259946501148661
2009-11-11,-0.00043390000519508056
2009-11-12,0.003809758598278285
2009-11-13,0.001345790595476183
2009-11-16,-0.0008883576057094281
2009-11-17,-0.004195684897776532
2009-11-18,-0.0018322429568133416
2009-11-19,-0.000489483379816592
2009-11-20,0.006890923121701001
2009-11-23,-0.003127691985676125
2009-11-24,0.0012160968440379759
2009-11-25,-0.00567293112144296
2009-11-26,-0.0038659046649150543
2009-11-27,0.006578564368693137
2009-11-30,0.00811621967025801
2009-12-01,0.002672678535906303
2009-12-02,0.004071760470057845
2009-12-03,-0.0036299509694071846
2009-12-04,-0.0002996770374644581
2009-12-07,-0.007419516114964206
2009-12-08,-0.0013334672024670731
2009-12-09,8.067843595983316e-05
2009-12-10,-0.004430888371428514
2009-12-11,-0.003711570471427512
2009-12-14,-0.0004246696073483304
2009-12-15,-0.008546105758791474
2009-12-16,-0.0008960590769528578
2009-12-17,0.0005911069636582978
2009-12-18,0.0031938961822916938
2009-12-21,-0.0062613692723699444
2009-12-22,-0.005151645693695327
2009-12-23,0.0011326144772807677
2009-12-24,-0.006084623895931134
2009-12-25,0.007932056433513784
2009-12-28,-0.0006997652781446633
2009-12-29,-0.0006543902394804234
2009-12-30,0.005290944201566925
2009-12-31,-0.01100709232465188
2010-01-01,-7.902358428221355e-06
2010-01-04,0.0035855214596392467
2010-01-05,-0.002155099867568551
2010-01-06,0.0077130295694408935
2010-01-07,0.002558312684395961
2010-01-08,-0.002693745663765538
2010-01-11,0.001260710399525411
2010-01-12,0.003275524658828765
2010-01-13,-0.002352261386501282
2010-01-14,-0.0026889013614531127
2010-01-15,-0.0017981599629796991
2010-01-18,0.00023462738463690637
2010-01-19,0.0004903287531913875
2010-01-20,0.0025287273454720656
2010-01-21,0.001650498448790093
2010-01-22,0.0015614211607407995
2010-01-25,0.00257953898312647
2010-01-26,0.004182737689519379
2010-01-27,0.004214122062361434
2010-01-28,-0.0006769818443300671
2010-01-29,-0.00392913469652324
2010-02-01,-0.003061524841904516
2010-02-02,0.0015056444386281
2010-02-03,0.001262663409896012
2010-02-04,-0.0016102330554162963
2010-02-05,0.0008189128135513862
2010-02-08,-0.002729697622159532
2010-02-09,-0.0023423865353621254
2010-02-10,-0.002419793853308995
2010-02-11,0.0010746165975922563
2010-02-12,0.0004085646665479715
2010-02-15,0.007429682224992781
2010-02-16,0.005661512175003346
2010-02-17,0.0017882259028864297
2010-02-18,0.004740569987430833
2010-02-19,-0.003835506304994812
2010-02-22,-0.002784657187294832
2010-02-23,0.0042366488945741404
2010-02-24,-0.001367788562243769
2010-02-25,0.003036154716582211
2010-02-26,0.0004311447690946361
2010-03-01,0.006293675485956899
2010-03-02,-0.002423601986443681
2010-03-03,0.005450676398026165
2010-03-04,-0.0037699674083816227
2010-03-05,-0.000597395907398556
2010-03-08,0.0024757463523546173
2010-03-09,0.007012510178478666
2010-03-10,-0.0005460725639143331
2010-03-11,-0.004128082168619756
2010-03-12,-0.002127380445246139
2010-03-15,-0.0073395154345513025
2010-03-16,-0.0079844642160978
2010-03-17,-0.0011289182787269417
2010-03-18,0.001747538407413463
2010-03-19,-0.0014898589662273917
2010-03-22,0.0029585462941097663
2010-03-23,-0.005246697020676134
2010-03-24,-0.0016123138796971556
2010-03-25,-0.0015827436152116
2010-03-26,-0.004601412990233053
2010-03-29,-0.005838627325584099
2010-03-30,0.001759427271504997
2010-03-31,0.00040853737821501144
2010-04-01,-0.00785627208391697
2010-04-02,-0.0043788670556299475
2010-04-05,0.001192413881404154
2010-04-06,0.001164298015697954
2010-04-07,-0.0015754660827530043
2010-04-08,-0.001982326305157961
2010-04-09,0.007218536020249867
2010-04-12,0.00740894730964029
2010-04-13,0.003436491950851068
2010-04-14,0.004325573366826117
2010-04-15,0.0035004915559334704
2010-04-16,-0.0022140793835163063
2010-04-19,0.0002290347181229987
2010-04-20,-0.0023410790280658095
2010-04-21,0.005008499545617864
2010-04-22,0.0014592047977958745
2010-04-23,-0.002662023274408296
2010-04-26,-0.002350228426535703
2010-04-27,0.0035430488131656212
2010-04-28,-0.0008325795021032676
2010-04-29,-0.008328816596268955
2010-04-30,0.0015585874272885285
2010-05-03,0.0014332543535402497
2010-05-04,0.0013446981507062518
2010-05-05,0.0013216590022980131
2010-05-06,-0.0010322234247141099
2010-05-07,-0.0008432100181413996
2010-05-10,0.004447370499043129
2010-05-11,0.00445258992325988
2010-05-12,-0.0006394793250869336
2010-05-13,0.0004320693205492017
2010-05-14,0.002085678612685639
2010-05-17,0.0008746944949885224
2010-05-18,-0.0007965511050164323
2010-05-19,-0.003121197300047362
2010-05-20,0.0006123105307931198
2010-05-21,-0.002167674767829039
2010-05-24,0.002889651407615975
2010-05-25,-0.0022270379543385694
2010-05-26,-0.0016470864712166567
2010-05-27,-0.003555344967182358
2010-05-28,-0.0004666414079578206
2010-05-31,-0.00138026065838552
2010-06-01,0.0012424156106667255
2010-06-02,0.0003855516933540799
2010-06-03,-0.0037587062727485665
2010-06-04,0.0003245660430560983
2010-06-07,0.0009465375643045023
2010-06-08,-7.315938197154375e-05
2010-06-09,-0.0038727942220271915
2010-06-10,0.0024333333069414516
2010-06-11,0.0004100696417900537
2010-06-14,0.0010003598673063072
2010-06-15,0.007456459943435906
2010-06-16,6.502490970466469e-05
2010-06-17,0.00025349504771963885
2010-06-18,0.0007573989296952184
2010-06-21,-0.004206739300084653
2010-06-22,0.005571043380779732
2010-06-23,0.004346228049772042
2010-06-24,0.009230981008700328
2010-06-25,0.00012873409530832084
2010-06-28,0.0007411913256177623
2010-06-29,-0.0008537732804555134
2010-06-30,-0.011276739087840854
2010-07-01,-0.00859758293502979
2010-07-02,-0.001856856311345786
2010-07-05,-0.000632218671231575
2010-07-06,-0.005871312918640129
2010-07-07,0.0027141474687418445
2010-07-08,0.00785479892246484
2010-07-09,0.006132078660951721
2010-07-12,0.0035248484430035316
2010-07-13,-0.0014532720323664188
2010-07-14,-0.010051938656334566
2010-07-15,-0.002949855880976989
2010-07-16,0.004045999369625902
2010-07-19,0.003181336637807726
2010-07-20,-0.0038314689195101522
2010-07-21,0.006455189355246752
2010-07-22,-0.0018054604705205844
2010-07-23,-0.011152908744059957
2010-07-26,-0.0037312311502616657
2010-07-27,0.004364660707426528
2010-07-28,-0.0037127131926180945
2010-07-29,-0.004506873633525465
2010-07-30,0.01245684130223149
2010-08-02,-0.020757585673826184
2010-08-03,0.004683295281226723
2010-08-04,-0.003920860582184166
2010-08-05,0.009670887085595818
2010-08-06,-0.0086398940686192
2010-08-09,-0.009718537418945211
2010-08-10,-0.0015809001404275833
2010-08-11,-0.0030633571300989677
2010-08-12,-0.004155132523898847
2010-08-13,0.0041966447973291205
2010-08-16,-0.002155739002680333
2010-08-17,0.0039847497473802975
2010-08-18,0.004867625246031965
2010-08-19,-0.003887727060270128
2010-08-20,-0.0035070802526866096
2010-08-23,0.00435940793744935
2010-08-24,0.0008502199700485373
2010-08-25,0.002047897754181861
2010-08-26,-0.006186021403268681
2010-08-27,0.006101717447262393
2010-08-30,-0.00083911034790332
2010-08-31,-0.003935402649438793
2010-09-01,-0.0010825594426438928
2010-09-02,-0.0020500040074558096
2010-09-03,0.0006142112066696843
2010-09-06,0.00022708996804022673
2010-09-07,0.0006196374446800984
2010-09-08,-0.0016328219672190891
2010-09-09,0.002581027612870853
2010-09-10,0.0012694604877297555
2010-09-13,0.0027298989914595973
2010-09-14,-9.193750550429234e-05
2010-09-15,6.693826879875485e-05
2010-09-16,-0.0005707784301640789
2010-09-17,0.0004144780263755229
2010-09-20,-0.0006102490515137796
2010-09-21,-0.0016020885635572545
2010-09-22,0.004396866133298851
2010-09-23,-0.0027632653047310433
2010-09-24,0.0012167082064765567
2010-09-27,0.0003813722299761532
2010-09-28,4.44147250145549e-06
2010-09-29,-0.007083749408802017
2010-09-30,-0.0011890840176131678
2010-10-01,0.002274909535802736
2010-10-04,0.0012823943302243282
2010-10-05,-0.008577307678313831
2010-10-06,-0.0018051617328967498
2010-10-07,0.009171602310646863
2010-10-08,0.0058246814371420595
2010-10-11,-0.0009759994261710966
2010-10-12,-0.002427335894428192
2010-10-13,0.0005699927068120655
2010-10-14,0.004258598263776635
2010-10-15,0.00814723854335309
2010-10-18,-0.0001316998475558856
2010-10-19,0.00018025213189408387
2010-10-20,-0.011897688170108483
2010-10-21,-0.006181262148205118
2010-10-22,0.009904049283867674
2010-10-25,-0.013044210971871806
2010-10-26,-0.0033805440863408412
2010-10-27,0.00102698195136431
2010-10-28,-0.009903678275631987
2010-10-29,-0.012193498639602307
2010-11-01,-0.0038048096335388266
2010-11-02,0.002768183710504752
2010-11-03,0.010442698260240413
2010-11-04,0.0032385220307783735
2010-11-05,0.0014226039926209645
2010-11-08,-0.0014993514671725952
2010-11-09,-0.009204282324019113
2010-11-10,-0.00548682680801186
2010-11-11,0.003501375975361558
2010-11-12,0.001978039219784595
2010-11-15,-0.004010641590154315
2010-11-16,8.934939352174022e-05
2010-11-17,0.00338009656477215
2010-11-18,0.0013756708451800224
2010-11-19,-0.00430555741818593
2010-11-22,0.00786612760068943
2010-11-23,-0.0002587630861750259
2010-11-24,0.00019117842130045304
2010-11-25,0.0030225613932940935
2010-11-26,-0.0003941148539231235
2010-11-29,0.001112611616413425
2010-11-30,-0.0005130869391059383
2010-12-01,-0.0004042646323019561
2010-12-02,-0.0014789518012681422
2010-12-03,0.0011192713573849556
2010-12-06,-0.0008629544562547336
2010-12-07,0.0014944645523530392
2010-12-08,0.0007050916501511895
2010-12-09,-0.002553241309325582
2010-12-10,0.0009625537808203855
2010-12-13,0.002735214865037085
2010-12-14,-0.0007813497131473814
2010-12-15,0.0012964665996340165
2010-12-16,0.004616151299384854
2010-12-17,-0.0020094788446612453
2010-12-20,-0.00504763243256438
2010-12-21,-0.00383223572574363
2010-12-22,-0.0008917958610771082
2010-12-23,-0.00023880767843342972
2010-12-24,-0.0024326397331042183
2010-12-27,-0.0015258821177129012
2010-12-28,-0.0010310893457028273
2010-12-29,-0.0004252730318343645
2010-12-30,-0.0004058029408048605
2010-12-31,0.0003609807952489139
2011-01-03,-0.002452973971413984
2011-01-04,-0.001335161086624307
2011-01-05,-0.00042842308523773423
2011-01-06,0.00010462670705971636
2011-01-07,0.0009756859628876607
2011-01-10,0.0019000630042555755
2011-01-11,-0.003790290147602222
2011-01-12,-3.730377962958206e-05
2011-01-13,-0.001360883127245846
2011-01-14,0.0013901626539050554
2011-01-17,0.0055735537561459846
2011-01-18,-0.002490922324534822
2011-01-19,0.00850930690122962
2011-01-20,0.0028265776910572707
2011-01-21,0.0023097709369929026
2011-01-24,-5.36473121218288e-05
2011-01-25,0.0035470425248733672
2011-01-26,-0.0002591591073994072
2011-01-27,-0.00028996334584560635
2011-01-28,-0.0029810361762986496
2011-01-31,0.005948130541934483
2011-02-01,0.001127899870140385
2011-02-02,0.0041879209056455095
2011-02-03,0.006775487456627134
2011-02-04,0.00012412327770850015
2011-02-07,0.0039024474564754935
2011-02-08,0.005580294560423329
2011-02-09,0.0019254235201786427
2011-02-10,-0.005038854791825732
2011-02-11,-0.003618435293487496
2011-02-14,-0.003765122074033821
2011-02-15,0.0007698998251627906
2011-02-16,0.0001698344965945373
2011-02-17,-0.0003378151582210207
2011-02-18,0.0011959066766791472
2011-02-21,-0.003335783866202675
2011-02-22,0.007682130432019742
2011-02-23,-0.0007818448154652089
2011-02-24,-0.0019821220309527965
2011-02-25,0.0005804321474044373
2011-02-28,-0.0088207359466723
2011-03-01,-0.0048336073990580646
2011-03-02,0.004102896651181555
2011-03-03,-0.0067642775110125595
2011-03-04,0.004486781601672242
2011-03-07,0.0074036242189586335
2011-03-08,0.0002808355460466956
2011-03-09,0.0011512230851385597
2011-03-10,0.005355852803945111
2011-03-11,-0.0033256350526022094
2011-03-14,0.00431124000043912
2011-03-15,-0.004065585240057665
2011-03-16,-0.002789056016136728
2011-03-17,-0.004932859274862677
2011-03-18,0.0019797164704422566
2011-03-21,0.0061347533929899615
2011-03-22,-0.0012131960665931613
2011-03-23,-0.008532343269209795
2011-03-24,-0.0021642263011143947
2011-03-25,0.0030732475469251856
2011-03-28,0.006534647994765179
2011-03-29,-0.0003982356287040908
2011-03-30,-0.0019683117695149153
2011-03-31,0.003113822286438538
2011-04-01,-0.0009997146729303458
2011-04-04,-0.0009747896500489116
2011-04-05,-0.004197476909668182
2011-04-06,0.005788747667097716
2011-04-07,-0.009897269099312102
2011-04-08,0.00310859146096214
2011-04-11,-0.0007598875143797357
2011-04-12,-0.00041685449406009137
2011-04-13,0.008040044999075305
2011-04-14,-0.0033970795026561046
2011-04-15,-0.00391815320089894
2011-04-18,-0.0012637838201440686
2011-04-19,0.0018100380855643411
2011-04-20,-0.001096766565950524
2011-04-21,-0.019886544729893995
2011-04-22,-0.009867211139076354
2011-04-25,0.013375035501301251
2011-04-26,0.0015117983674205705
2011-04-27,-0.000630550098312567
2011-04-28,-0.00015265964258675494
2011-04-29,-0.007011710863907049
2011-05-02,0.014735633207335178
2011-05-03,-0.0011103513089348962
2011-05-04,-8.387542328250168e-05
2011-05-05,0.01207439812970085
2011-05-06,-0.0009599343063097596
2011-05-09,-0.007837984885739004
2011-05-10,0.0029190073139105646
2011-05-11,-0.003219747862735112
2011-05-12,0.004665600904466068
2011-05-13,0.023919696827998493
2011-05-16,0.00219665805363573
2011-05-17,-0.03231209329075611
2011-05-18,0.0026256961470230615
2011-05-19,0.0013057138452490513
2011-05-20,0.0003717327606080398
2011-05-23,0.0007678120310771843
2011-05-24,0.0021696332110209015
2011-05-25,-0.004355692521585618
2011-05-26,0.01036626605159058
2011-05-27,-0.009971745220347671
2011-05-30,-0.012949571989648299
2011-05-31,0.03170131809273211
2011-06-01,-0.0016089492695291778
2011-06-02,0.0002304011524757476
2011-06-03,-0.00680323633579988
2011-06-06,0.0036975198118604927
2011-06-07,-0.005121447400303091
2011-06-08,-0.0008679581985044892
2011-06-09,0.00466631361060754
2011-06-10,0.0009011645159729457
2011-06-13,0.0032227094192351026
2011-06-14,-0.009815874887967478
2011-06-15,0.009137428321643803
2011-06-16,-0.006833076253711753
2011-06-17,0.008191700048260288
2011-06-20,0.004564282565803308
2011-06-21,0.003955233663589592
2011-06-22,-0.004500399664289072
2011-06-23,1.340365141695157e-05
2011-06-24,-0.0007376676370566032
2011-06-27,1.7189964583546637e-05
2011-06-28,0.00036666394301865875
2011-06-29,-0.008072618178545985
2011-06-30,0.0058640199946001685
2011-07-01,-0.0005780903892378545
2011-07-04,-0.005423748567631013
2011-07-05,-0.001236279439314156
2011-07-06,0.0016270951041935837
2011-07-07,-0.0054920223790846006
2011-07-08,-0.011000377203844695
2011-07-11,0.002915121478755435
2011-07-12,0.0046114848597225535
2011-07-13,-0.00013545908905899118
2011-07-14,-0.006513774747899404
2011-07-15,-0.000729908893941082
2011-07-18,-0.006752364522176797
2011-07-19,-0.0037406959809326203
2011-07-20,-0.003662999704722003
2011-07-21,0.0043141804853197826
2011-07-22,-0.0026197248819476086
2011-07-25,-0.002090829680429605
2011-07-26,0.010793094479778578
2011-07-27,0.004064571811083895
2011-07-28,0.003663218069706469
2011-07-29,-0.0007064217343926123
2011-08-01,-0.0094622774833742
2011-08-02,-0.026311984230297333
2011-08-03,0.01451585049670716
2011-08-04,0.010850262522876755
2011-08-05,-0.007281979516256884
2011-08-08,0.0027928631324741857
2011-08-09,0.00798303612306896
2011-08-10,-0.009402554269879397
2011-08-11,-0.006936297366175539
2011-08-12,-0.011479100016066852
2011-08-15,0.007825179290056555
2011-08-16,0.0028807367856051418
2011-08-17,-0.006505273484492697
2011-08-18,-0.005343853623320641
2011-08-19,-1.341353787078421e-05
2011-08-22,-0.0009912258930867375
2011-08-23,-0.0032659088257110114
2011-08-24,0.006402403832477395
2011-08-25,0.003063238225008381
2011-08-26,0.0007587385781783018
2011-08-29,-0.0015519127521588863
2011-08-30,0.003740424172123196
2011-08-31,-0.0013762189247871512
2011-09-01,-0.0007794680111293368
2011-09-02,0.0026024965899486257
2011-09-05,-0.002595041667641698
2011-09-06,0.006557283205422428
2011-09-07,0.0009572518343888303
2011-09-08,0.0011562538469333597
2011-09-09,-0.004440859877517122
2011-09-12,-0.0001993710467679483
2011-09-13,-0.0022223839874576327
2011-09-14,0.001962895187018862
2011-09-15,0.00036846304499263947
2011-09-16,-0.002801425889285959
2011-09-19,-0.002813949216156699
2011-09-20,-0.00038429843586755205
2011-09-21,0.00018465412187024846
2011-09-22,0.000784050091965176
2011-09-23,-0.0038136316914719305
2011-09-26,0.010747399945036023
2011-09-27,-4.2489459130422205e-05
2011-09-28,0.0087188759507793
2011-09-29,0.0019376100387502697
2011-09-30,-0.0035837876136335066
2011-10-03,-0.0023564862632157713
2011-10-04,-0.005529296501134574
2011-10-05,0.002438163372583353
2011-10-06,0.0009689568692560074
2011-10-07,0.005373420506908149
2011-10-10,-0.0046884776170398185
2011-10-11,0.002186488998206358
2011-10-12,-0.0023018586246580644
2011-10-13,0.003995192377152356
2011-10-14,-0.0004454624960027898
2011-10-17,0.001926735701560909
2011-10-18,0.004935755360766868
2011-10-19,0.004704078634036707
2011-10-20,5.790360286249581e-05
2011-10-21,-0.004576236651945007
2011-10-24,-0.002186003948734758
2011-10-25,-0.003295973271555683
2011-10-26,0.003363300694270136
2011-10-27,0.0013382087029403548
2011-10-28,-0.004211612564266411
2011-10-31,-0.0012432131581827438
2011-11-01,-0.005072169875367098
2011-11-02,0.00323486840061586
2011-11-03,-0.006853874017175316
2011-11-04,0.0018581483684716503
2011-11-07,0.00048345241313166223
2011-11-08,0.005844884959986609
2011-11-09,0.002142671992137209
2011-11-10,-0.0003573381133779182
2011-11-11,0.0010404565375109961
2011-11-14,-0.004884925741649204
2011-11-15,-0.0052865181390768365
2011-11-16,-0.0004411235619743788
2011-11-17,-0.007705927556738511
2011-11-18,0.00037479391870598146
2011-11-21,-0.0012329941101907257
2011-11-22,-0.0005088274230527327
2011-11-23,-0.0018331460641180485
2011-11-24,0.003478188255999489
2011-11-25,0.0009342313862235703
2011-11-28,0.0037788570871178755
2011-11-29,-0.002428175450787562
2011-11-30,-0.00269538297611706
2011-12-01,0.00150940587342144
2011-12-02,-0.0036086168483908474
2011-12-05,-0.0014898409834858664
2011-12-06,0.002611633275101057
2011-12-07,0.010115333025939182
2011-12-08,-0.002185083471508854
2011-12-09,-0.0011152073609345333
2011-12-12,-0.0026797752340024447
2011-12-13,0.0002558635441601675
2011-12-14,0.0025866038609822766
2011-12-15,-0.0001955328524440006
2011-12-16,0.0017800092115192335
2011-12-19,-0.0001849037320970654
2011-12-20,-0.0007737673507953154
2011-12-21,0.0009803980460530255
2011-12-22,0.0004947790770991271
2011-12-23,-0.0007119177295022618
2011-12-26,0.004979346687160675
2011-12-27,-0.0035153138899612253
2011-12-28,0.0006021749436271673
2011-12-29,0.0006425425587199812
2011-12-30,0.0020801219945958994
2012-01-02,0.0010469233174038497
2012-01-03,0.0021666135387143934
2012-01-04,0.0011144840324734742
2012-01-05,0.0013489041061000144
2012-01-06,0.004004274542327957
2012-01-09,0.004067224050826728
2012-01-10,-0.002045484857615831
2012-01-11,-0.0018349732274860766
2012-01-12,0.002352399191703261
2012-01-13,0.004978647445687
2012-01-16,-0.00013236437512293645
2012-01-17,0.0014383233468465931
2012-01-18,0.0030378446842561097
2012-01-19,3.1229685276690233e-07
2012-01-20,0.0014744923045103301
2012-01-23,-0.0016028464558636938
2012-01-24,0.0012326115169480267
2012-01-25,-0.0037362463611289604
2012-01-26,0.0006909972200701206
2012-01-27,0.0011539360077951902
2012-01-30,0.0020312973745445773
2012-01-31,-0.0008191493060365424
2012-02-01,-0.0006924152975224581
2012-02-02,0.0011263531354573373
2012-02-03,0.0017022538132664775
2012-02-06,0.0004100582948733092
2012-02-07,0.0017212125791649059
2012-02-08,-0.0009030405863902115
2012-02-09,-0.0001478165481390379
2012-02-10,-0.0028534348651474382
2012-02-13,-1.7032665715666778e-05
2012-02-14,0.001235087241143044
2012-02-15,-0.0042106864520922195
2012-02-16,0.004179262686605673
2012-02-17,-0.0018575756898145494
2012-02-20,0.0036379000035623756
2012-02-21,-0.00020161356308493264
2012-02-22,0.006168623923689928
2012-02-23,0.00419717789730552
2012-02-24,0.004802202092633347
2012-02-27,0.0023054495257527324
2012-02-28,-0.00017815722850259398
2012-02-29,0.000940791789162114
2012-03-01,-0.0018577119964100618
2012-03-02,0.00022662823157895028
2012-03-05,-0.0019065339159568435
2012-03-06,0.0019093700382737042
2012-03-07,0.0021634948336556074
2012-03-08,-0.00033912841134984065
2012-03-09,3.771635581405349e-05
2012-03-12,-0.00015205026243246962
2012-03-13,-0.0008203932149531395
2012-03-14,0.0002929517095874249
2012-03-15,0.0005760064000836565
2012-03-16,-0.0022975876899005575
2012-03-19,0.004020664914981616
2012-03-20,-0.0037642124730132027
2012-03-21,-0.009802919120622863
2012-03-22,-0.0003350129618209102
2012-03-23,-0.009683411303556197
2012-03-26,0.0026186969143115833
2012-03-27,0.00021195573390855532
2012-03-28,-0.0005472240429189564
2012-03-29,-0.0007074888448926966
2012-03-30,-0.001720646198596258
2012-04-02,-0.000208060622202964
2012-04-03,-0.000606871141127889
2012-04-04,-0.002196397126886483
2012-04-05,9.027196997507493e-05
2012-04-06,0.00298649725502783
2012-04-09,0.0021805777954865616
2012-04-10,0.0009572864615488277
2012-04-11,0.0017204461218908013
2012-04-12,0.004373418454405444
2012-04-13,-0.0014916288181195496
2012-04-16,0.0011347386044221956
2012-04-17,0.0007170871208423326
2012-04-18,-0.0016849348714672611
2012-04-19,0.0015534495827149953
2012-04-20,0.0018335041127444827
2012-04-23,0.00039797531228065973
2012-04-24,-0.0021743532144229676
2012-04-25,-0.004709387379211746
2012-04-26,3.1488918271416894e-05
2012-04-27,-0.0009471518485315335
2012-04-30,0.001024414187361042
2012-05-01,0.0020401529933955966
2012-05-02,5.478801414871611e-05
2012-05-03,-0.0024632208221962463
2012-05-04,0.00014744980733099244
2012-05-07,0.0020033377597585725
2012-05-08,0.0005713705278277458
2012-05-09,0.0008778279008533553
2012-05-10,0.004535338755809127
2012-05-11,0.0001618429363497518
2012-05-14,-0.0017516636095909468
2012-05-15,0.0006345464971937451
2012-05-16,-0.0013927961203243665
2012-05-17,-0.003194108367607454
2012-05-18,0.0006424048906462339
2012-05-21,-0.0005561483904735981
2012-05-22,-0.002201131845102975
2012-05-23,-0.0006231074221008954
2012-05-24,0.0009159853841726809
2012-05-25,0.00028766313097893653
2012-05-28,-0.0006364220580799954
2012-05-29,-0.0044352504673169256
2012-05-30,0.0018498060952333488
2012-05-31,-0.0003942908442360468
2012-06-01,-0.0004997843237880006
2012-06-04,0.0003454895136634113
2012-06-05,-0.0001354717473863703
2012-06-06,-2.5229528877270847e-06
2012-06-07,-0.00012572665938354564
2012-06-08,-0.003286765776171645
2012-06-11,0.00588713994676031
2012-06-12,0.003372858692181716
2012-06-13,-0.0009092437708128299
2012-06-14,-0.0036536964250516637
2012-06-15,-0.0015349469527731145
2012-06-18,7.7517399767091e-05
2012-06-19,0.0009658007828854866
2012-06-20,-0.0008736589391032659
2012-06-21,-0.0012036134401098495
2012-06-22,0.0005758794954193458
2012-06-25,-0.00029594446953691567
2012-06-26,-0.0006296463348533406
2012-06-27,-0.00033459788139562387
2012-06-28,0.0005772264411124709
2012-06-29,0.0006717275620624548
2012-07-02,-0.0015774490974892323
2012-07-03,4.413491489231591e-05
2012-07-04,-0.0014410034384002035
2012-07-05,-0.006595773722332103
2012-07-06,0.0002804017304701527
2012-07-09,-0.000687522963000807
2012-07-10,4.641190180547502e-05
2012-07-11,-0.0014158646346393345
2012-07-12,0.0017737844863116164
2012-07-13,2.5535029154802845e-05
2012-07-16,-2.0732049036566343e-05
2012-07-17,0.0021919657781294573
2012-07-18,0.002366471424729212
2012-07-19,-0.006478082881080597
2012-07-20,-0.00284318324076239
2012-07-23,0.004341227985451963
2012-07-24,0.0009197406481441274
2012-07-25,-0.0036311786174997454
2012-07-26,-0.0005293179334017221
2012-07-27,0.0008375596286412052
2012-07-30,0.0031968285655196316
2012-07-31,0.008707474941764905
2012-08-01,0.001826763790768272
2012-08-02,-0.00187596907234829
2012-08-03,0.0037657117146001036
2012-08-06,-0.0027032574970898577
2012-08-07,-0.0032148346739926175
2012-08-08,-0.006567310122302364
2012-08-09,-0.008266711420733198
2012-08-10,-0.002800096644311788
2012-08-13,-0.004415888057719973
2012-08-14,0.0010058835517820003
2012-08-15,-0.003374609672108752
2012-08-16,-0.012408799553366493
2012-08-17,-0.00203956546570713
2012-08-20,-0.003681535962716518
2012-08-21,-0.0005993484531908334
2012-08-22,0.008535282963330672
2012-08-23,-0.001926755136946782
2012-08-24,0.0024762227080440836
2012-08-27,-0.0010539227636114658
2012-08-28,-0.0004417072125985706
2012-08-29,-0.002066987443066157
2012-08-30,0.00020012600405850385
2012-08-31,-0.001353666271419104
2012-09-03,-0.001622180855757074
2012-09-04,-0.0006868878809483719
2012-09-05,-0.0010297995178531246
2012-09-06,0.0062162306598979875
2012-09-07,0.0001444922071798414
2012-09-10,-0.00048169373272377927
2012-09-11,-0.0011259904295829572
2012-09-12,-0.0011901248030406232
2012-09-13,-9.537442165201589e-06
2012-09-14,-0.0007773920341610468
2012-09-17,-0.0015656940983824292
2012-09-18,-0.0028270015870938206
2012-09-19,-0.001469197163237389
2012-09-20,-0.0019300818885209163
2012-09-21,0.002231130925715799
2012-09-24,-0.00027324789784594246
2012-09-25,0.00634335071986768
2012-09-26,0.002269908931707183
2012-09-27,0.0029732882897469653
2012-09-28,0.0018200948031239107
2012-10-01,0.00494936295065777
2012-10-02,0.0004690141401509536
2012-10-03,-0.007182468778179591
2012-10-04,-0.0012522502060396644
2012-10-05,0.0013375487736545606
2012-10-08,0.0022454286389357596
2012-10-09,0.004550960608555287
2012-10-10,0.005097455308483961
2012-10-11,0.003085155755756944
2012-10-12,0.007055218556673076
2012-10-15,-0.010080190053753076
2012-10-16,-0.004397446529609012
2012-10-17,0.005495926139417986
2012-10-18,0.0008342628106757599
2012-10-19,-0.003413495384784425
2012-10-22,-0.0005693666554355266
2012-10-23,-0.0016973966327125016
2012-10-24,-0.0013072009995632773
2012-10-25,-0.005129378553673881
2012-10-26,-0.0066195285483819765
2012-10-29,-0.002036817281770415
2012-10-30,-0.001293112636580876
2012-10-31,0.0037749282335732765
2012-11-01,0.0024643050174801423
2012-11-02,0.004096487903095519
2012-11-05,-0.0027565871848872713
2012-11-06,-0.0009888822138695952
2012-11-07,0.0018432129822768474
2012-11-08,0.0018421198124741614
2012-11-09,-0.00023606504511488994
2012-11-12,0.003610842869309029
2012-11-13,0.0017684404582441159
2012-11-14,0.004188045662675695
2012-11-15,-0.002496328346262672
2012-11-16,-0.005778230343459548
2012-11-19,0.0007355358960126827
2012-11-20,0.0033646286849319746
2012-11-21,0.002051320379476554
2012-11-22,0.0030982899450482963
2012-11-23,0.0003049270949748062
2012-11-26,-0.001729187120487071
2012-11-27,0.0011647463238586182
2012-11-28,0.0015039749235341245
2012-11-29,-0.001874152523320028
2012-11-30,0.0033648295492828472
2012-12-03,-0.0012085619148029959
2012-12-04,8.493486636281314e-05
2012-12-05,0.008772374380082437
2012-12-06,0.003644410921418711
2012-12-07,-0.0016113133123535697
2012-12-10,0.003135676129600401
2012-12-11,-0.0019247338641247564
2012-12-12,-0.01568581741617161
2012-12-13,-0.008726418265492681
2012-12-14,-0.005279856443331815
2012-12-17,-0.0021680070272049098
2012-12-18,0.002369634731550875
2012-12-19,0.00044694827342749155
2012-12-20,0.00041763006446362237
2012-12-21,-0.007512709912305935
2012-12-24,0.002858590226400363
2012-12-25,0.00047603733994869713
2012-12-26,0.0006254541450968132
2012-12-27,-0.0013805476906953145
2012-12-28,7.882016209964648e-05
2012-12-31,-0.005536537411002561
2013-01-01,-0.0005673015023042335
2013-01-02,0.0004946639148524033
2013-01-03,-0.0015879055437597349
2013-01-04,0.003575467198662686
2013-01-07,0.00393695640739353
2013-01-08,0.0008844882643916913
2013-01-09,-0.0021938930092196694
2013-01-10,-0.0010018284888029514
2013-01-11,-0.00021609933413226844
2013-01-14,-5.432079564767086e-05
2013-01-15,0.0011281567408615975
2013-01-16,0.00022812355107564844
2013-01-17,0.001009616731099723
2013-01-18,-0.001902676375720367
2013-01-21,-0.0018917063047509154
2013-01-22,-0.002451563941352512
2013-01-23,0.0009044236555825697
2013-01-24,-0.002916566168912734
2013-01-25,-0.0018507417709515347
2013-01-28,-0.005280643571953845
2013-01-29,0.0059083717314809304
2013-01-30,-0.000689227905609051
2013-01-31,0.000683440726103348
2013-02-01,0.002804335266625717
2013-02-04,-0.003748460797515927
2013-02-05,-0.0006475799247107365
2013-02-06,0.0014505932746498547
2013-02-07,0.00797764588430883
2013-02-08,-0.0013881095877363737
2013-02-11,0.006903291532766691
2013-02-12,0.0038108864880531355
2013-02-13,0.00242944098602187
2013-02-14,-0.0018428623087477268
2013-02-15,0.0042683275742848555
2013-02-18,-0.004923397653615869
2013-02-19,0.0047654155031177405
2013-02-20,-0.0007160814948256105
2013-02-21,-0.006375344700425993
2013-02-22,7.069063135428308e-05
2013-02-25,0.001249362545537219
2013-02-26,-0.0002304503643997492
2013-02-27,0.0032635862579948453
2013-02-28,-7.290704292257574e-05
2013-03-01,-0.002540352985203367
2013-03-04,-0.0010519098446750063
2013-03-05,0.0003231573690876486
2013-03-06,-0.00045681800928615247
2013-03-07,0.003800198819522182
2013-03-08,-0.004654863031749878
2013-03-11,-9.458895643659447e-05
2013-03-12,0.0008252595232685186
2013-03-13,-0.00023324898812884104
2013-03-14,-0.0048087623648614825
2013-03-15,0.0007909883862031604
2013-03-18,0.005934029290956691
2013-03-19,0.0045678055188959335
2013-03-20,-0.005664402764707812
2013-03-21,-0.007316006354487356
2013-03-22,0.0009750013884168825
2013-03-25,-0.0018751861208261282
2013-03-26,0.00346314257067544
2013-03-27,-0.0014013980390250721
2013-03-28,0.0017452346957166553
2013-03-29,0.003090905893249781
2013-04-01,-0.00045007671540796615
2013-04-02,-5.874324483000305e-05
2013-04-03,-0.0012177880246636256
2013-04-04,0.008546222414048083
2013-04-05,-0.002807796078598669
2013-04-08,0.002684696840335449
2013-04-09,0.004477077975788706
2013-04-10,-0.007963641373956408
2013-04-11,0.00641499988301842
2013-04-12,-0.005188356951505279
2013-04-15,-0.00041888702652877804
2013-04-16,-0.0006608846006782555
2013-04-17,3.539239200370416e-05
2013-04-18,-0.00044374985188055027
2013-04-19,0.0017816403298982924
2013-04-22,0.0016424504974305563
2013-04-23,-0.0006868918332738633
2013-04-24,-0.0034251606663785947
2013-04-25,-0.0007850053505191711
2013-04-26,-0.001912497272165234
2013-04-29,0.0008622188253234377
2013-04-30,-0.003148649729167131
2013-05-01,-0.0015633008399634006
2013-05-02,0.0003852542349985664
2013-05-03,0.003078682948218385
2013-05-06,-0.0008162226001549398
2013-05-07,0.0010020834387639288
2013-05-08,-0.00014124239872013045
2013-05-09,-0.0009831325597195717
2013-05-10,-0.002965897332986703
2013-05-13,0.002265985360461435
2013-05-14,-0.0025987079052497922
2013-05-15,-0.0005158682029326976
2013-05-16,-0.003144574357133948
2013-05-17,-0.004139751696343264
2013-05-20,-0.0009216654170025968
2013-05-21,-0.0017046075531731049
2013-05-22,0.0005938634628003415
2013-05-23,-0.0008743852852241933
2013-05-24,-0.002556844736114985
2013-05-27,0.0017550172613786004
2013-05-28,-0.0006554444681162227
2013-05-29,0.0015778446716327604
2013-05-30,0.0001441155274075987
2013-05-31,7.431985348947852e-05
2013-06-03,-0.002002200279701584
2013-06-04,0.0007995953147000403
2013-06-05,-0.0005899772069049257
2013-06-06,0.0012426307283561798
2013-06-07,0.00012385910533860203
2013-06-10,0.0015633875643427586
2013-06-11,0.0011796714646330141
2013-06-12,-0.0004203386286951587
2013-06-13,0.0007193316784088418
2013-06-14,-0.0015562101973328156
2013-06-17,0.0035960441903244225
2013-06-18,-0.0013397426478833209
2013-06-19,-0.0035970731469463658
2013-06-20,0.006067851581861959
2013-06-21,0.0029902304597788664
2013-06-24,0.0034444968097691506
2013-06-25,-0.000891703530968481
2013-06-26,0.0034188084476489185
2013-06-27,-0.0015032189299961553
2013-06-28,-0.0010787709867584039
2013-07-01,-0.0019865674852178462
2013-07-02,0.00471262379114496
2013-07-03,0.0016217024932962385
2013-07-04,0.0014885581395996089
2013-07-05,0.001161607971591942
2013-07-08,-0.007498071268243086
2013-07-09,-0.0009947306938973303
2013-07-10,0.002353966620992359
2013-07-11,-0.0033547252237049597
2013-07-12,0.006413331165841678
2013-07-15,0.004134950840032747
2013-07-16,0.0061642080243751955
2013-07-17,0.0012649504488323649
2013-07-18,-0.005629613553149215
2013-07-19,-0.003770556952480551
2013-07-22,-0.0024188068502312646
2013-07-23,0.0045713995507029445
2013-07-24,0.0008392433587536708
2013-07-25,-0.00012828051072140238
2013-07-26,0.004871715054798756
2013-07-29,1.008143893847617e-05
2013-07-30,-0.00413036305184441
2013-07-31,0.007520569256484182
2013-08-01,-0.005415500735078245
2013-08-02,-0.012950096145589628
2013-08-05,0.006786004682382815
2013-08-06,-0.004994038099708959
2013-08-07,-0.002137375557301025
2013-08-08,0.00442963058086274
2013-08-09,0.006532474769991994
2013-08-12,0.005676518379583113
2013-08-13,0.010658821468828067
2013-08-14,0.002788186614989769
2013-08-15,-0.0030472946428462214
2013-08-16,-0.00400067910216142
2013-08-19,-0.00186365320617981
2013-08-20,0.00366563555815722
2013-08-21,0.006647077925676382
2013-08-22,-0.00047556293750072875
2013-08-23,0.002694431394463074
2013-08-26,-0.0004097700307434844
2013-08-27,-0.00788300177798863
2013-08-28,-0.0052760299388704916
2013-08-29,-0.00402362939990047
2013-08-30,0.003459301865459
2013-09-02,0.0032274496577811293
2013-09-03,-0.001269991020831951
2013-09-04,0.003353749186594425
2013-09-05,-0.0014259905810371058
2013-09-06,-0.0013706529499607845
2013-09-09,0.001803409712796607
2013-09-10,-0.005447950194258833
2013-09-11,-0.0028023358388407117
2013-09-12,0.00454983215810217
2013-09-13,0.00029009251717040333
2013-09-16,0.0010850002477539639
2013-09-17,-0.002441495556594552
2013-09-18,0.0010565551500600775
2013-09-19,-0.004908882692441357
2013-09-20,-0.0018717251438820047
2013-09-23,0.007425061165324668
2013-09-24,0.006682046656250643
2013-09-25,-0.00711026971547566
2013-09-26,-0.003587803107351451
2013-09-27,-0.0009546919189260088
2013-09-30,-0.00805096001749182
2013-10-01,-0.002625666106068073
2013-10-02,-0.0018247000767715451
2013-10-03,0.0019521962905590766
2013-10-04,-0.0059302857976065975
2013-10-07,-0.0015640683923304304
2013-10-08,0.0019170385448278179
2013-10-09,0.0008019038674227713
2013-10-10,-0.0014321134388163514
2013-10-11,0.0058977414851659835
2013-10-14,-0.00509610976601916
2013-10-15,0.004802378981404006
2013-10-16,-0.002242598451152359
2013-10-17,0.0006009547895609538
2013-10-18,0.0034587885110837
2013-10-21,0.0028631560174762283
2013-10-22,-0.00032888667550545953
2013-10-23,-0.005916128765136823
2013-10-24,-0.004980768431201538
2013-10-25,-7.5089150261963e-05
2013-10-28,-0.0007582115879455367
2013-10-29,-0.003830465272785393
2013-10-30,-0.002692499465063874
2013-10-31,0.0017607033088216156
2013-11-01,-0.0002542771508084194
2013-11-04,0.004160433654202206
2013-11-05,-0.0029594054770311837
2013-11-06,-0.005593261125580538
2013-11-07,-0.0016752110384306005
2013-11-08,0.006142822690807697
2013-11-11,-0.0013791547195054488
2013-11-12,0.0029644910222468733
2013-11-13,0.0024379515013553095
2013-11-14,-0.003249752405825791
2013-11-15,-0.0004954080793797382
2013-11-18,0.00031343785558894275
2013-11-19,0.002873151421285736
2013-11-20,9.151075084910636e-05
2013-11-21,0.003466882774290623
2013-11-22,0.0031780958767478277
2013-11-25,0.001371233222656654
2013-11-26,-0.0009162328644598083
2013-11-27,0.000210923702999563
2013-11-28,0.007287834805483805
2013-11-29,-0.0013656430554676111
2013-12-02,0.008904521447255759
2013-12-03,0.0022087980654697196
2013-12-04,0.0013954006433053155
2013-12-05,-0.0015609097713738741
2013-12-06,-0.002833244127685774
2013-12-09,-0.00411618183336899
2013-12-10,0.002187744862662896
2013-12-11,-0.002451140129147955
2013-12-12,0.0012329162428860948
2013-12-13,0.003032993514996205
2013-12-16,-0.0038858048796756445
2013-12-17,0.002772748680657945
2013-12-18,-0.0008544835947938115
2013-12-19,-0.001368245273174014
2013-12-20,-0.0005283442574279295
2013-12-23,0.00018819739104507412
2013-12-24,-0.0028712124640242857
2013-12-25,0.0046166979643183365
2013-12-26,0.0025316714642868656
2013-12-27,0.0011263025087068492
2013-12-30,0.0009079354784792886
2013-12-31,-0.000599710736156717
2014-01-01,-0.0032998482378385216
2014-01-02,-0.001261094129985105
2014-01-03,-0.004358608363524762
2014-01-06,-0.0009205351609863082
2014-01-07,0.004058139237897112
2014-01-08,0.005158416475276024
2014-01-09,-0.00048409876693145267
2014-01-10,-0.0004229594217889151
2014-01-13,0.0010931154635936253
2014-01-14,-0.0014387825411396882
2014-01-15,0.0029372546785674924
2014-01-16,0.0064500554338832
2014-01-17,-0.002795589614039623
2014-01-20,0.002374589472020969
2014-01-21,-0.0007911309159771142
2014-01-22,-0.0013031187375160645
2014-01-23,0.005086757675905777
2014-01-24,0.0049839314509184315
2014-01-27,-0.006249365673234869
2014-01-28,-0.0020224523871805217
2014-01-29,0.0020953066708221855
2014-01-30,0.002089648047701358
2014-01-31,0.0023289136039815277
2014-02-03,0.0027794502398168688
2014-02-04,-0.002699639508611778
2014-02-05,0.002524839672352285
2014-02-06,-0.004408584525923753
2014-02-07,0.002886627316014082
2014-02-10,0.0006289527227366382
2014-02-11,0.001381612509949037
2014-02-12,0.007953774862856856
2014-02-13,0.0008196520016111459
2014-02-14,-0.00024755128452939835
2014-02-17,-0.004844527443731606
2014-02-18,0.005174912263562682
2014-02-19,-0.00638007817525292
2014-02-20,-0.0018274270778110852
2014-02-21,-0.003850761034239581
2014-02-24,5.9473833827539856e-05
2014-02-25,-0.005188383872445147
2014-02-26,0.00381521206625606
2014-02-27,-0.0014394607911898732
2014-02-28,0.00655113485026778
2014-03-03,0.016536081353773224
2014-03-04,0.011638504764284633
2014-03-05,0.0013762274704306728
2014-03-06,0.007502571178306182
2014-03-07,-0.0084864897226116
2014-03-10,0.012823594066136916
2014-03-11,0.021763926934329984
2014-03-12,-0.014970169997580766
2014-03-13,-0.011033055890085419
2014-03-14,0.010939708109825174
2014-03-17,-0.0018376326693076307
2014-03-18,-0.0030596814690558305
2014-03-19,-0.0024271716949348606
2014-03-20,0.001020201740799617
2014-03-21,-0.00536933530968168
2014-03-24,0.004890444761313382
2014-03-25,-0.0004816552873649132
2014-03-26,-0.00040515998503876994
2014-03-27,0.0012175696058830945
2014-03-28,-0.0003652869003863046
2014-03-31,-0.001603231989172029
2014-04-01,-0.0011428756755512976
2014-04-02,0.004785086887766525
2014-04-03,-0.005004281388899469
2014-04-04,0.005217340151922495
2014-04-07,-0.0007736073232004464
2014-04-08,0.0009193553881144312
2014-04-09,-0.0002584966675040121
2014-04-10,0.010558480511086902
2014-04-11,-0.0033146346127555628
2014-04-14,0.0008908957154410355
2014-04-15,-0.006703867055487126
2014-04-16,0.003921593898600299
2014-04-17,-0.00013124618113686246
2014-04-18,-0.00943331361978289
2014-04-21,0.003088548826410802
2014-04-22,-0.007710167763318709
2014-04-23,0.0033309079169763665
2014-04-24,-0.0008294112552312601
2014-04-25,-0.0036371805084100036
2014-04-28,-0.0037978975872632785
2014-04-29,0.004830249821905227
2014-04-30,0.0048982160767999695
2014-05-01,0.002141410177397854
2014-05-02,-0.0008339409898606839
2014-05-05,0.002113181336408197
2014-05-06,-0.0037902129713788387
2014-05-07,-0.008600639460392693
2014-05-08,0.007581386575093408
2014-05-09,0.0012698361684139545
2014-05-12,0.005044427513454162
2014-05-13,-0.00880907272627822
2014-05-14,-0.0008651773290990683
2014-05-15,-0.004152612917743409
2014-05-16,0.0063188931669395185
2014-05-19,-0.00040362715764208525
2014-05-20,-0.0011842572401705256
2014-05-21,-0.0006373816870764203
2014-05-22,-0.005560444622810471
2014-05-23,-0.00873050712858578
2014-05-26,0.004142067321877713
2014-05-27,0.0027292679497734748
2014-05-28,0.003310416220279903
2014-05-29,-0.0061737198928702285
2014-05-30,-0.0046646764856953385
2014-06-02,0.0025645112189564938
2014-06-03,-0.0005594441061881752
2014-06-04,0.002196038089406163
2014-06-05,-0.0038902578384981904
2014-06-06,0.003107858264313219
2014-06-09,0.00265442183433118
2014-06-10,-0.0011682945467497976
2014-06-11,-0.0014134433399952085
2014-06-12,-0.0017303204895365411
2014-06-13,-0.00031315987962897743
2014-06-16,-0.0019441151775861825
2014-06-17,-0.006428121797914698
2014-06-18,-0.0006680583071428685
2014-06-19,-0.002882469508883669
2014-06-20,0.0018779867360883373
2014-06-23,0.0016786685345565842
2014-06-24,-0.003920033152268296
2014-06-25,-0.0020197012708302042
2014-06-26,0.004548904971255752
2014-06-27,0.001769533657853505
2014-06-30,0.001521728532216967
2014-07-01,0.0014446966209348058
2014-07-02,-0.001956061169144978
2014-07-03,-0.00183406440936534
2014-07-04,-0.0037161022708166198
2014-07-07,0.0006256057489400367
2014-07-08,-0.0009123819617573695
2014-07-09,0.0037228878621135934
2014-07-10,0.00030422106222983015
2014-07-11,0.00020762484351617152
2014-07-14,0.0053225186125809825
2014-07-15,0.0024371826336372685
2014-07-16,-3.07096874083675e-05
2014-07-17,0.00029366220534876803
2014-07-18,-0.0008524943156404717
2014-07-21,0.0005419359841491566
2014-07-22,-0.0029010436090905634
2014-07-23,0.0009072832993038648
2014-07-24,0.01058244553468931
2014-07-25,0.0006972612369219255
2014-07-28,-0.003932241165384912
2014-07-29,0.008575037827771782
2014-07-30,-0.0012678505502405986
2014-07-31,-0.0026979776755248607
2014-08-01,-5.1222519940311365e-05
2014-08-04,-1.568646523785464e-05
2014-08-05,0.00025166686685435327
2014-08-06,-0.0022702596493761468
2014-08-07,0.0004662501074966513
2014-08-08,-0.0017574636610447375
2014-08-11,-0.0036260654737046653
2014-08-12,-0.0009764722728896709
2014-08-13,0.0015255083638028187
2014-08-14,-0.0007039928949966225
2014-08-15,-0.0014906587018782263
2014-08-18,0.0007193551723120939
2014-08-19,0.005638771418734768
2014-08-20,-1.955099259652837e-05
2014-08-21,0.0010457685002441455
2014-08-22,-0.005097249239454862
2014-08-25,0.00041111366830021124
2014-08-26,0.00270949478616597
2014-08-27,0.0020750469661245685
2014-08-28,0.004134041850791987
2014-08-29,0.004100025859164521
2014-09-01,-0.005214558018956535
2014-09-02,-0.006409550954083715
2014-09-03,-0.009255634786698167
2014-09-04,0.00033740066066965295
2014-09-05,0.005332354976045413
2014-09-08,0.0032399286366107394
2014-09-09,-0.0067906282380413765
2014-09-10,-7.874256801063844e-05
2014-09-11,-0.0057613827405594426
2014-09-12,-0.004714890404784887
2014-09-15,0.003462479706351756
2014-09-16,0.007709711321921808
2014-09-17,0.006788962008069029
2014-09-18,0.00036844691840463937
2014-09-19,-0.001404740909512565
2014-09-22,-0.014514054074361085
2014-09-23,0.005918135047845481
2014-09-24,-0.0012393004829716042
2014-09-25,-0.0026727844134461047
2014-09-26,-5.841978636758041e-05
2014-09-29,0.00164465295210749
2014-09-30,0.007451675830210183
2014-10-01,-0.0006268099439986423
2014-10-02,-0.0014024306892294995
2014-10-03,-0.002218331167663199
2014-10-06,-0.0028244138817283913
2014-10-07,-0.005402370105746051
2014-10-08,-0.0017999010277496208
2014-10-09,0.00011857271318143443
2014-10-10,0.0028881705791060155
2014-10-13,0.0019804758580127505
2014-10-14,-0.001635634167996509
2014-10-15,-0.001974928517406491
2014-10-16,0.000978060810575995
2014-10-17,0.007184329694605212
2014-10-20,0.006020893323346563
2014-10-21,0.008739146370262041
2014-10-22,-0.0006061399690662604
2014-10-23,0.007465726478132841
2014-10-24,0.0032664451116295673
2014-10-27,0.0033468590136130688
2014-10-28,0.005058436011934466
2014-10-29,-0.0010954769727294718
2014-10-30,-0.004854677444112807
2014-10-31,0.0017938264255600222
2014-11-03,0.00038754324422163354
2014-11-04,-0.003414541936867764
2014-11-05,0.0016919282349723294
2014-11-06,0.001498884368771801
2014-11-07,-0.0032006636879307482
2014-11-10,-0.003295469544578291
2014-11-11,-0.0012536967007154686
2014-11-12,-0.0047027223903767235
2014-11-13,0.007490326608436916
2014-11-14,-0.004478528573847763
2014-11-17,-0.0026964265625587496
2014-11-18,-0.004468806056609963
2014-11-19,-0.0016739363687830432
2014-11-20,0.0007776277970836516
2014-11-21,-0.000850536104675572
2014-11-24,-0.0026859824023467123
2014-11-25,0.0032486013577294566
2014-11-26,-0.0036911700327483263
2014-11-27,0.00599224919752776
2014-11-28,0.002101308228463943
2014-12-01,-0.009924086784873486
2014-12-02,0.0032380645992745732
2014-12-03,-7.90799791416739e-05
2014-12-04,0.0032698198809813965
2014-12-05,-0.002064944300979481
2014-12-08,0.0011503226727370653
2014-12-09,0.0005460688180302141
2014-12-10,-0.002644663206773425
2014-12-11,0.004218593843302718
2014-12-12,-0.003305159296528689
2014-12-15,-0.0030285976271458535
2014-12-16,-0.0071187816218106666
2014-12-17,-0.0006044016780357461
2014-12-18,-0.008610643482080408
2014-12-19,-0.004171934441627998
2014-12-22,-0.003060436241050633
2014-12-23,0.0021939724835924332
2014-12-24,-0.0008136412200251909
2014-12-25,-0.005834628351319643
2014-12-26,-0.004942063741015643
2014-12-29,-0.006433393604163975
2014-12-30,-0.005884138459273354
2014-12-31,0.01150213030387618
2015-01-01,0.002246590114136174
2015-01-02,0.008216986376841807
2015-01-05,0.015126944666010552
2015-01-06,-0.0016117052484229968
2015-01-07,-0.0014337366747385434
2015-01-08,-0.0030318179482418505
2015-01-09,-0.003010854681844556
2015-01-12,-0.0008780281686012296
2015-01-13,0.0031389665623422335
2015-01-14,-0.0003220096232636014
2015-01-15,0.006211049494678914
2015-01-16,0.0037450882787650446
2015-01-19,0.0010305147251329595
2015-01-20,0.00297863862597565
2015-01-21,-0.0006364071076917508
2015-01-22,-0.0002929729352225026
2015-01-23,-0.008391750565681595
2015-01-26,0.0009315484132840848
2015-01-27,-0.002244699714428049
2015-01-28,-0.0028946048912416172
2015-01-29,0.002459569924175338
2015-01-30,-0.0004923858584425286
2015-02-02,0.0023304531147098654
2015-02-03,4.0077142420019696e-05
2015-02-04,-0.00023352055757552836
2015-02-05,0.002415918955858947
2015-02-06,-0.0020750697521951453
2015-02-09,0.001427887211763762
2015-02-10,-0.001408599377951621
2015-02-11,-0.003916386775869761
2015-02-12,-0.00027815245318127055
2015-02-13,0.0004364092711271715
2015-02-16,-0.00308936879226252
2015-02-17,-0.0012805312806117262
2015-02-18,0.0009039134945076082
2015-02-19,-0.001161496351395932
2015-02-20,0.0002718412140127963
2015-02-23,0.007041660535104945
2015-02-24,0.0019307007617395183
2015-02-25,0.0034395476557350143
2015-02-26,-0.00311677708897214
2015-02-27,-0.0016139959643925634
2015-03-02,0.0007859964612778611
2015-03-03,0.003159162376366732
2015-03-04,-0.003092437567150186
2015-03-05,-0.0011242565537903813
2015-03-06,0.003843549419001821
2015-03-09,0.0011593325338334053
2015-03-10,0.0028796210463929786
2015-03-11,0.003613816651833175
2015-03-12,0.0004283260474206986
2015-03-13,-0.0007907340985256676
2015-03-16,0.003923316760644807
2015-03-17,0.0018161165970365812
2015-03-18,-0.003226920742985198
2015-03-19,-0.007992815490064484
2015-03-20,0.0039556013632697
2015-03-23,0.00029632796853452313
2015-03-24,-0.00011576433499314084
2015-03-25,0.0032125515067288057
2015-03-26,0.005437238750603303
2015-03-27,0.004687421844758687
2015-03-30,-0.005156515707321495
2015-03-31,0.0020420453313048023
2015-04-01,0.004429949215687246
2015-04-02,-0.0061724729354781585
2015-04-03,-0.002745908583112085
2015-04-06,-0.0034371522199401925
2015-04-07,0.0007874278105292297
2015-04-08,0.007552313532758863
2015-04-09,0.008890957028263077
2015-04-10,-0.01042531237406196
2015-04-13,-0.00014352072000665787
2015-04-14,0.010170925235537764
2015-04-15,0.00011255560477889913
2015-04-16,0.0006697218343660934
2015-04-17,0.008518962019106072
2015-04-20,0.009316744068658043
2015-04-21,0.004743987408181131
2015-04-22,-0.003191159213065631
2015-04-23,0.004470720526196644
2015-04-24,0.004842096594500916
2015-04-27,0.0015146163114341008
2015-04-28,0.004057077497145262
2015-04-29,0.0015677943085272263
2015-04-30,0.0016872688213701865
2015-05-01,-0.0002513736663401346
2015-05-04,-0.007990611075906196
2015-05-05,-0.0025818605210149595
2015-05-06,-0.003066547680511327
2015-05-07,-0.005782244268727259
2015-05-08,0.003972622678818691
2015-05-11,0.0004528008049795801
2015-05-12,-0.00010087422910011056
2015-05-13,-0.0010140042235330148
2015-05-14,0.0029999676748824304
2015-05-15,0.004295086126490576
2015-05-18,-0.005790573480170598
2015-05-19,0.002344447881506129
2015-05-20,0.0028024968603394393
2015-05-21,-0.008657335897956777
2015-05-22,0.0013616016564967465
2015-05-25,-0.003559570174884584
2015-05-26,3.3550493856976176e-05
2015-05-27,-0.0012281113005652277
2015-05-28,0.0027722349923405367
2015-05-29,0.007856077380013942
2015-06-01,-0.0004634694594271853
2015-06-02,0.0002643448783523489
2015-06-03,0.01075626528968814
2015-06-04,-0.0010246354069165528
2015-06-05,0.005406510513645655
2015-06-08,0.001727555373782985
2015-06-09,0.007673322383794225
2015-06-10,0.0029080560843033707
2015-06-11,0.0006438276767828147
2015-06-12,0.0004021698034200871
2015-06-15,-0.0017373366954780622
2015-06-16,-0.0005733442332425193
2015-06-17,0.004825455787206322
2015-06-18,-0.001236300482106385
2015-06-19,-0.001602345979056839
2015-06-22,-0.000793995957409801
2015-06-23,0.0013480090662079955
2015-06-24,0.004366981916812444
2015-06-25,-0.0024649212460863953
2015-06-26,-0.0020280345453784986
2015-06-29,0.0014886503103511929
2015-06-30,0.006007343500449312
2015-07-01,0.004659570398989231
2015-07-02,-0.005831585065855067
2015-07-03,0.00048505296223799884
2015-07-06,-0.006418310268621554
2015-07-07,-0.0012664933846031402
2015-07-08,0.007707999405827101
2015-07-09,-0.004448855066094239
2015-07-10,-0.006582674486380353
2015-07-13,-0.004456206552328326
2015-07-14,0.004136632446618981
2015-07-15,0.0028657162038314386
2015-07-16,0.0025991126766352936
2015-07-17,0.01476733314271489
2015-07-20,-0.02176862689160107
2015-07-21,0.004571971409299238
2015-07-22,-0.0022672551040969604
2015-07-23,0.0037315110635368605
2015-07-24,-0.0073887216519986105
2015-07-27,0.0013785874755279735
2015-07-28,0.0020334045437446838
2015-07-29,0.006009338088388786
2015-07-30,-0.009357698368917408
2015-07-31,0.0001344196989726507
2015-08-03,-0.0043153386132392104
2015-08-04,0.0021358928392493965
2015-08-05,0.0039715360271131974
2015-08-06,0.0070530893916195304
2015-08-07,-0.0029892589445104367
2015-08-10,0.004332612162267398
2015-08-11,0.005544960018891654
2015-08-12,-0.00703473022315337
2015-08-13,0.0030869894551081795
2015-08-14,0.004207868141318127
2015-08-17,-0.002604508160750595
2015-08-18,-0.005835914646163359
2015-08-19,0.004406947709408714
2015-08-20,-0.00459942673098014
2015-08-21,-0.001283574066477013
2015-08-24,0.0010060823455387074
2015-08-25,0.003919881806642392
2015-08-26,-0.0018153206488528842
2015-08-27,0.0008239545266612207
2015-08-28,-0.001669837969897045
2015-08-31,0.003967877938698095
2015-09-01,0.011861937638198736
2015-09-02,-0.005698682950998736
2015-09-03,0.00211679922196402
2015-09-04,-0.005342395051223545
2015-09-07,0.00511429147440008
2015-09-08,-0.005611704501726602
2015-09-09,-0.0024832523474040804
2015-09-10,0.00011318314887353957
2015-09-11,-0.0012048906540789634
2015-09-14,0.0014680560224282855
2015-09-15,0.0031673009382582632
2015-09-16,-0.00031685685124983995
2015-09-17,-0.005047938617833578
2015-09-18,0.004297429981286402
2015-09-21,0.0021439512930768816
2015-09-22,0.004069893640098925
2015-09-23,-0.0032038693632996155
2015-09-24,-0.0067337379115792965
2015-09-25,0.003883670613142727
2015-09-28,0.003633557077616204
2015-09-29,0.0005269026652858159
2015-09-30,-0.0029832504380439694
2015-10-01,-0.003046527737031346
2015-10-02,0.008380103186278616
2015-10-05,-0.006093130749746928
2015-10-06,-0.003933790880011771
2015-10-07,0.0038110564045738425
2015-10-08,-0.008755448934569756
2015-10-09,0.0053538472086803734
2015-10-12,0.004592904167195805
2015-10-13,0.01175802925540305
2015-10-14,0.0050592552474717795
2015-10-15,-0.0016119976908065383
2015-10-16,-0.006410565798696965
2015-10-19,0.00016423163379884775
2015-10-20,-0.006916268462523397
2015-10-21,0.0027145377613034807
2015-10-22,0.002998139531348941
2015-10-23,0.006861210869311556
2015-10-26,0.0016309132607262551
2015-10-27,0.00691726331718016
2015-10-28,-0.0019740655618978916
2015-10-29,-0.002608417743041001
2015-10-30,0.0017188595747991905
2015-11-02,-0.00312587547957824
2015-11-03,0.002264528432015411
2015-11-04,-0.0035921045018768912
2015-11-05,-0.004060954263394064
2015-11-06,0.004632549434061728
2015-11-09,0.006523420785398255
2015-11-10,-0.0036333235649022915
2015-11-11,0.004928555350876204
2015-11-12,-0.0027519063966251916
2015-11-13,0.0013578682863623942
2015-11-16,0.006056010540336571
2015-11-17,0.00404805806198434
2015-11-18,0.0026698536351048288
2015-11-19,0.009612209309139157
2015-11-20,-0.0017724132525488425
2015-11-23,-0.00589492013206152
2015-11-24,-0.0028496983534393268
2015-11-25,-0.0008354918845801323
2015-11-26,-0.010799400745685857
2015-11-27,-0.001506661372561818
2015-11-30,-0.0035772389008026737
2015-12-01,0.004289821781864163
2015-12-02,0.002724169310133996
2015-12-03,-0.004787670111650393
2015-12-04,0.003632872588400618
2015-12-07,0.005446167807593548
2015-12-08,-0.0062360045464105954
2015-12-09,-0.0022351227203689
2015-12-10,-0.011865992080337544
2015-12-11,-0.005775411541599723
2015-12-14,-0.003653339651265021
2015-12-15,-0.0004400950393130587
2015-12-16,-0.0038059902212544804
2015-12-17,-0.002594322861470206
2015-12-18,-0.0053243486763350665
2015-12-21,0.0024512748955820606
2015-12-22,0.0030169157280937556
2015-12-23,0.0020615414309013017
2015-12-24,0.0018120540052342033
2015-12-25,-0.008319917495728755
2015-12-28,-0.001453975096169455
2015-12-29,0.0013256318238921792
2015-12-30,-0.0024549338840061806
2015-12-31,0.0010622780424435086
2016-01-01,0.009140795627087162
2016-01-04,0.0031405048411745446
2016-01-05,-0.005164885938881665
2016-01-06,0.004623137726094958
2016-01-07,0.002678386867996556
2016-01-08,-0.004781561310299892
2016-01-11,0.0055433715162653855
2016-01-12,0.0010340347034607518
2016-01-13,-0.006669085211124809
2016-01-14,0.0008616441479721679
2016-01-15,0.0013535522407997136
2016-01-18,-0.0019056368297720072
2016-01-19,-0.0021702243334638886
2016-01-20,-0.0033932517293494974
2016-01-21,0.0032310219071962675
2016-01-22,-0.000637951649531868
2016-01-25,0.0024789365117010636
2016-01-26,0.0031768866442049406
2016-01-27,-0.0053797757849516625
2016-01-28,-0.003223320205324241
2016-01-29,-0.011404144396916463
2016-02-01,0.0018218538304603689
2016-02-02,-0.006331791026287625
2016-02-03,0.002698241105137846
2016-02-04,0.0010390298156814073
2016-02-05,0.0030897216399888338
2016-02-08,-0.00608056092070051
2016-02-09,0.0005101887036463274
2016-02-10,0.0076527511473611
2016-02-11,0.012194624562206073
2016-02-12,0.005343886485007501
2016-02-15,0.004863830008766432
2016-02-16,-0.011190695671235682
2016-02-17,0.009956480888633656
2016-02-18,-0.0041731634503963735
2016-02-19,0.004888131472972363
2016-02-22,-0.010052905351983119
2016-02-23,0.000325382854121268
2016-02-24,-0.002020706505163821
2016-02-25,0.0013780371041222238
2016-02-26,0.0041986576975098465
2016-02-29,-0.008707885464637672
2016-03-01,-0.011032763317093835
2016-03-02,0.021391922922710183
2016-03-03,0.019366826634787136
2016-03-04,0.00608308016455111
2016-03-07,-0.012866741415818575
2016-03-08,-0.009265385141881017
2016-03-09,0.005383120185354056
2016-03-10,0.009082072665863014
2016-03-11,-0.016463824403930863
2016-03-14,-0.006916649709228042
2016-03-15,0.004127609523598366
2016-03-16,0.008708423037545059
2016-03-17,0.00027951742393631657
2016-03-18,-0.015402675151122591
2016-03-21,0.011948955213957568
2016-03-22,0.011276273403698602
2016-03-23,0.0013745073839404659
2016-03-24,0.002107954692416785
2016-03-25,-0.005157221003376513
2016-03-28,-0.0029176471001153767
2016-03-29,0.01087120716688759
2016-03-30,0.0054044353762395005
2016-03-31,0.00924267370541899
2016-04-01,0.014209365729358693
2016-04-04,-0.01170072036611959
2016-04-05,-0.007645994334268736
2016-04-06,0.001318775191419986
2016-04-07,-0.0014002442795204855
2016-04-08,0.004693503556974158
2016-04-11,-0.001518779479195124
2016-04-12,-0.002648004981364002
2016-04-13,0.0002588136635238372
2016-04-14,0.0025318605028548436
2016-04-15,0.0036281986610838257
2016-04-18,-0.0006977872765567112
2016-04-19,0.0008703921299992854
2016-04-20,-0.00035229242706791416
2016-04-21,-0.0018507718773370257
2016-04-22,-0.0010381268127319697
2016-04-25,0.0015381450408070538
2016-04-26,-0.00011584168372490589
2016-04-27,0.008315233298612319
2016-04-28,0.004591643143452884
2016-04-29,0.0029807342857054394
2016-05-02,-0.0007363748628484612
2016-05-03,-0.0008804681212780773
2016-05-04,-0.0033242185492470657
2016-05-05,-0.0004258458534523472
2016-05-06,0.0008219611825321686
2016-05-09,0.002380611052692674
2016-05-10,0.0005123862124041026
2016-05-11,0.005493610607576754
2016-05-12,-0.002186056014417961
2016-05-13,-0.004487476823277848
2016-05-16,0.0089355341097832
2016-05-17,0.0036570909639598043
2016-05-18,-0.0007143437905220006
2016-05-19,-0.0008079043297119576
2016-05-20,-0.002012868322924416
2016-05-23,-0.0008258554570647933
2016-05-24,0.0005213507981246769
2016-05-25,0.008844860828791053
2016-05-26,0.00020758084724241518
2016-05-27,0.0016910474096657425
2016-05-30,-0.005455179140937575
2016-05-31,-0.002471305317655506
2016-06-01,0.006945721072970118
2016-06-02,0.0023623964411214476
2016-06-03,-0.013483697990781824
2016-06-06,0.003696378655645543
2016-06-07,0.008140820079193421
2016-06-08,-0.005458114936594748
2016-06-09,0.006935242559240957
2016-06-10,-0.010103573409068114
2016-06-13,0.004164033255299754
2016-06-14,0.0006818744648491985
2016-06-15,-0.009107254640909637
2016-06-16,0.001618256757530937
2016-06-17,0.002613678111053277
2016-06-20,0.0028865072134852806
2016-06-21,0.00040876108942953984
2016-06-22,-0.001529542216214174
2016-06-23,-0.00856092021309968
2016-06-24,0.002374034732075388
2016-06-27,0.00642158345437532
2016-06-28,0.007177206583582973
2016-06-29,-0.0064002899360598355
2016-06-30,-0.005419967449732808
2016-07-01,-0.001561872556910632
2016-07-04,-0.0035749301912355834
2016-07-05,-0.0007039455947438055
2016-07-06,0.0005214632974254747
2016-07-07,-0.0023871844134825872
2016-07-08,0.005128024280949407
2016-07-11,0.00031027812897446976
2016-07-12,-0.0018844441553363014
2016-07-13,-0.002291305990800533
2016-07-14,-0.005231106994782195
2016-07-15,-0.001371684608890189
2016-07-18,0.0015450804294499638
2016-07-19,0.0016128007892963383
2016-07-20,-0.00021103198096250782
2016-07-21,0.0013995037749869152
2016-07-22,-0.0018266417062858659
2016-07-25,0.0008942118982746463
2016-07-26,0.0019058195242411726
2016-07-27,-0.0011610163040123008
2016-07-28,0.0012405377190622298
2016-07-29,0.002187379629968323
2016-08-01,-0.0005197396278581179
2016-08-02,0.0015164794701058148
2016-08-03,-0.0013323140259789848
2016-08-04,0.00012081355083301722
2016-08-05,-0.0014227158510988485
2016-08-08,-0.002167861836833385
2016-08-09,-0.00021760813935445223
2016-08-10,-8.819362466594817e-05
2016-08-11,-0.005620550626355126
2016-08-12,0.001377500524232024
2016-08-15,0.002510510386079504
2016-08-16,0.0017781448044818767
2016-08-17,-0.0010704603353489605
2016-08-18,0.002658259826544225
2016-08-19,-0.003605867286903182
2016-08-22,-0.003157340067760502
2016-08-23,-0.0008570269780140147
2016-08-24,-0.004472116035244212
2016-08-25,0.003831004470270523
2016-08-26,0.0032618044824790308
2016-08-29,0.0015508588507929105
2016-08-30,-0.0016933558926400805
2016-08-31,0.004577644337207712
2016-09-01,0.00023120355116389981
2016-09-02,-0.0013041786223671275
2016-09-05,0.002765380172544263
2016-09-06,0.0015588041040140964
2016-09-07,0.002802548139213698
2016-09-08,-0.0009353323097449429
2016-09-09,-0.001612144172239443
2016-09-12,-0.0031243649001870813
2016-09-13,-0.0009629259996882453
2016-09-14,-0.0010446902063496368
2016-09-15,0.0012877664347665414
2016-09-16,0.0029170197726286432
2016-09-19,0.0017060586874148216
2016-09-20,-0.002689614357318429
2016-09-21,-0.0004979946630630978
2016-09-22,0.0005376510453204662
2016-09-23,0.0032023646756672
2016-09-26,0.0014954497150242562
2016-09-27,-0.001882522409929581
2016-09-28,0.002467950711453765
2016-09-29,-0.0023336169671852383
2016-09-30,0.0029284391562657314
2016-10-03,0.003531456930002074
2016-10-04,-0.0024666281285551078
2016-10-05,-0.0010367812277991485
2016-10-06,0.00209967198769287
2016-10-07,-0.003610750051906562
2016-10-10,0.0022525780805025698
2016-10-11,6.311591929102425e-05
2016-10-12,0.0006692615737897048
2016-10-13,0.0015045298918877747
2016-10-14,-0.0015845525014333566
2016-10-17,0.008515248255907173
2016-10-18,-0.0014804305615556332
2016-10-19,0.0003382551687720434
2016-10-20,-0.00225982163217678
2016-10-21,0.0009244758345814154
2016-10-24,0.0034788847308071247
2016-10-25,-0.0034217630122621873
2016-10-26,-0.003783060756899964
2016-10-27,0.0012501454498832784
2016-10-28,0.0026854407318526695
2016-10-31,9.91660230379005e-05
2016-11-01,-0.0018680566403078956
2016-11-02,-0.00246751604942398
2016-11-03,0.0015729477553717425
2016-11-04,-0.00300986039604325
2016-11-07,-0.001952844409477834
2016-11-08,0.00020433321409524426
2016-11-09,0.0011013876463488543
2016-11-10,0.001779654928140138
2016-11-11,0.004428983606355116
2016-11-14,0.00426094788113494
2016-11-15,0.002153113567135725
2016-11-16,0.004067729375517219
2016-11-17,-0.0045120912919650626
2016-11-18,-0.004412681332993735
2016-11-21,-0.000898919298402444
2016-11-22,-0.00016285650458739963
2016-11-23,0.0016304321356929719
2016-11-24,-0.0009296308250595852
2016-11-25,0.0024981600395746753
2016-11-28,0.003242625105151683
2016-11-29,-0.0021713671105203164
2016-11-30,0.00042451589455899273
2016-12-01,-0.001758587209642063
2016-12-02,-0.001591961062591498
2016-12-05,0.0028402410811947322
2016-12-06,-0.009482245025411382
2016-12-07,0.007540632491240172
2016-12-08,0.0016686368304073941
2016-12-09,-0.000775569168777432
2016-12-12,0.007473014478448264
2016-12-13,-0.0006809340780364073
2016-12-14,0.001540226841869576
2016-12-15,-0.0040561565972048585
2016-12-16,0.009083557652670025
2016-12-19,-0.00011351911056313262
2016-12-20,0.000713502088265084
2016-12-21,0.004669554557929266
2016-12-22,0.004260206982952371
2016-12-23,0.002241501284469383
2016-12-26,0.0023827327190904177
2016-12-27,0.008320402736237966
2016-12-28,0.0017682064610255737
2016-12-29,0.0011929548384419942
2016-12-30,0.00045305415544951854
2017-01-02,0.003547379419958587
2017-01-03,0.00018059989902005462
2017-01-04,-0.002071054887153173
2017-01-05,-0.005382357031776315
2017-01-06,-0.0024057055263336418
2017-01-09,-0.0014846323059899262
2017-01-10,0.00121960681949557
2017-01-11,0.006278354757435236
2017-01-12,0.0038135416486340798
2017-01-13,-0.0031652215158110104
2017-01-16,-0.005121243663090869
2017-01-17,0.008843183030450116
2017-01-18,0.004614535620445118
2017-01-19,-0.0013471375991987397
2017-01-20,-0.004798793761415899
2017-01-23,0.0041112268844337345
2017-01-24,-0.005870042292401032
2017-01-25,0.0016439203076642362
2017-01-26,0.012197664414984174
2017-01-27,0.0009496409143220581
2017-01-30,-0.005148482290049765
2017-01-31,0.0023254165439725817
2017-02-01,-0.008607767023663497
2017-02-02,-0.014507321608382997
2017-02-03,0.007398507062001786
2017-02-06,0.012629445278395806
2017-02-07,-0.0076852028669780826
2017-02-08,-0.004192122355864377
2017-02-09,-0.01295933489772149
2017-02-10,-0.002924014347124217
2017-02-13,-0.002097020613204959
2017-02-14,-0.0014074409013851066
2017-02-15,0.008977584636168292
2017-02-16,0.002732821471414303
2017-02-17,0.002654925031996984
2017-02-20,0.00521885985360489
2017-02-21,0.0035815062890601195
2017-02-22,-0.0012751495965184034
2017-02-23,0.003138198478923322
2017-02-24,-0.0008586180351845378
2017-02-27,0.0027715869093338074
2017-02-28,0.002946151944098511
2017-03-01,-0.001708444482074441
2017-03-02,-0.005947191406205964
2017-03-03,0.0011722162645813738
2017-03-06,1.0406180309532193e-05
2017-03-07,-0.010109598949536613
2017-03-08,0.006221333615395571
2017-03-09,0.011865632659143022
2017-03-10,0.028828048620531427
2017-03-13,-0.006868925239420511
2017-03-14,-0.008426378419723055
2017-03-15,-0.013262893691857368
2017-03-16,0.005554938166439963
2017-03-17,0.0037923684094368242
2017-03-20,-0.013733598147550303
2017-03-21,-0.0023966175386039993
2017-03-22,-0.02509270393492322
2017-03-23,0.008931054968900754
2017-03-24,-0.012646739250320506
2017-03-27,0.0032956200718540947
2017-03-28,-0.007208978640285724
2017-03-29,-0.002655121444604792
2017-03-30,-0.004337400277067366
2017-03-31,-0.00046657099224792204
2017-04-03,0.0016741382024381538
2017-04-04,0.008626192075022913
2017-04-05,0.003039361276859627
2017-04-06,0.00605837491943694
2017-04-07,0.0064518616942506705
2017-04-10,0.005299438123507144
2017-04-11,-0.0009797410268749312
2017-04-12,0.007117128963240135
2017-04-13,0.006119052728783236
2017-04-14,0.0025006277250628484
2017-04-17,-0.006750654942521679
2017-04-18,-0.002551358891137977
2017-04-19,-0.0015793881122203569
2017-04-20,0.0025095687077026294
2017-04-21,-0.0006620751756079362
2017-04-24,0.0047890242688279
2017-04-25,0.004081390982127436
2017-04-26,0.004831844631678718
2017-04-27,0.006697939303915887
2017-04-28,-0.0030776203719721637
2017-05-01,0.001286220236981125
2017-05-02,-0.0017364477024690511
2017-05-03,-0.006317532402820939
2017-05-04,0.0003986068683051163
2017-05-05,0.006551144150912907
2017-05-08,0.002206593928234296
2017-05-09,0.009057890435936342
2017-05-10,0.0018275411970215274
2017-05-11,0.010002966290989507
2017-05-12,0.0010020026252852102
2017-05-15,0.0012071601689005115
2017-05-16,-0.00429231787739735
2017-05-17,0.005453715941977778
2017-05-18,-0.002836905538864501
2017-05-19,-0.00403718639724903
2017-05-22,0.0070488880626551845
2017-05-23,0.007356293472129507
2017-05-24,0.0037737279709936407
2017-05-25,-0.000937606914465542
2017-05-26,-0.0007985253260070586
2017-05-29,-0.0006904970203795432
2017-05-30,0.0032107417029167964
2017-05-31,0.004473582368022861
2017-06-01,0.0026867215548694494
2017-06-02,0.008205274718690727
2017-06-05,0.004164306244245351
2017-06-06,-0.0006449183326217487
2017-06-07,0.00462424257833828
2017-06-08,0.010124274838174805
2017-06-09,0.011634274680034643
2017-06-12,0.00671993161078637
2017-06-13,-0.0012887137639905305
2017-06-14,-0.0012614926355365877
2017-06-15,0.002468730564325072
2017-06-16,0.010021706313464327
2017-06-19,0.0040502995522202654
2017-06-20,0.0014964140570186838
2017-06-21,0.003881886457753898
2017-06-22,-0.00374534111902216
2017-06-23,-0.0038104484587322754
2017-06-26,-0.002851184984747891
2017-06-27,0.023033289416820823
2017-06-28,-0.001066233978887758
2017-06-29,0.0023186415757075153
2017-06-30,-0.014035835221189596
2017-07-03,0.0051660743833002384
2017-07-04,0.008614093547043275
2017-07-05,0.00810042784423932
2017-07-06,0.002121129661194998
2017-07-07,0.0024325891073340784
2017-07-10,0.002658923543546853
2017-07-11,0.0005296738602256039
2017-07-12,0.0012569892569078858
2017-07-13,-0.001409399298798129
2017-07-14,0.0023259922401898375
2017-07-17,0.0028509126808151284
2017-07-18,-0.0024017826528952204
2017-07-19,0.00011141478061820614
2017-07-20,0.009019453259372017
2017-07-21,0.016445652742510898
2017-07-24,-0.008359055183620123
2017-07-25,-0.0080893775565147
2017-07-26,-0.00606547797961245
2017-07-27,-6.40658306765434e-05
2017-07-28,0.006152198283312175
2017-07-31,0.004094974489129778
2017-08-01,0.002528948164542188
2017-08-02,0.0020178364949559385
2017-08-03,-0.005305430649497991
2017-08-04,-0.002168468900672983
2017-08-07,0.0015479320793616552
2017-08-08,-0.00870927313281746
2017-08-09,-0.005753293858531949
2017-08-10,-0.006301998494278022
2017-08-11,0.004126419604090417
2017-08-14,0.003214889848922467
2017-08-15,0.007008959332028598
2017-08-16,-0.010154217358361275
2017-08-17,-0.010671203851752237
2017-08-18,0.004323040989127693
2017-08-21,-0.01709647819695261
2017-08-22,0.007118315275849653
2017-08-23,-0.009473461141398458
2017-08-24,0.0055602353472992
2017-08-25,-0.0056017465359244675
2017-08-28,0.008191291132622305
2017-08-29,0.019769211642902317
2017-08-30,-0.015286291205401037
2017-08-31,0.004991229860722913
2017-09-01,-0.011181387282157399
2017-09-04,0.0029469779372319513
2017-09-05,-0.007261794643190564
2017-09-06,-0.0003963857070727588
2017-09-07,-0.003272767626702063
2017-09-08,0.004374963871335501
2017-09-11,-0.009590691985346598
2017-09-12,0.00822782863711439
2017-09-13,-0.0018049406858508892
2017-09-14,-0.008608242564895357
2017-09-15,0.01162273792218696
2017-09-18,0.00018844753006541393
2017-09-19,0.01152305371915657
2017-09-20,0.00758604156485344
2017-09-21,-0.0044718012970870365
2017-09-22,-0.002866123593658959
2017-09-25,0.0019759245473057957
2017-09-26,0.008667281594941782
2017-09-27,0.0017924562733878935
2017-09-28,-0.0002798451468530972
2017-09-29,-0.002894413812754246
2017-10-02,0.000659829981620377
2017-10-03,0.009790907730540997
2017-10-04,0.0005088902647907565
2017-10-05,0.0001831963224768582
2017-10-06,-0.005688066157964919
2017-10-09,-0.0015854563876209686
2017-10-10,-0.008604587295578146
2017-10-11,-0.004468764787024043
2017-10-12,0.007741606842509331
2017-10-13,-0.0032007335179647647
2017-10-16,0.0036626498640094855
2017-10-17,-0.015141829985358107
2017-10-18,0.004991011131099262
2017-10-19,-0.0007073009580997094
2017-10-20,-0.0022516257862013334
2017-10-23,0.00030755749455590943
2017-10-24,-0.00314534268496881
2017-10-25,-0.010642300303782989
2017-10-26,0.005852601442675642
2017-10-27,0.0035567378218673887
2017-10-30,-0.001916477108618376
2017-10-31,-0.00406913764746
2017-11-01,-0.0070260626514692046
2017-11-02,0.0025835537902261056
2017-11-03,0.009811056079457934
2017-11-06,0.0008760221941228816
2017-11-07,-0.007757740423858616
2017-11-08,0.004039273198303817
2017-11-09,0.0011574637856668
2017-11-10,0.0076935584646578535
2017-11-13,0.013085014017374719
2017-11-14,-0.01855126841216325
2017-11-15,0.002708616156681435
2017-11-16,-0.006961846035099197
2017-11-17,-0.009286697600702585
2017-11-20,0.0007695070982536903
2017-11-21,0.003378809547403746
2017-11-22,-0.00978000580877425
2017-11-23,0.003208556202618406
2017-11-24,0.005686823251376948
2017-11-27,-5.315800044260275e-05
2017-11-28,-0.005448758783016419
2017-11-29,-0.0021030898502198032
2017-11-30,0.005393576069259744
2017-12-01,-0.00670281607866835
2017-12-04,0.010379844247571511
2017-12-05,-0.003897268884167207
2017-12-06,0.004123519123478678
2017-12-07,-0.022843445526316144
2017-12-08,0.002133125107799987
2017-12-11,0.008153998237971081
2017-12-12,-0.02037829868102279
2017-12-13,0.0070395280049690406
2017-12-14,0.0007355333130235669
2017-12-15,-0.012086597063184927
2017-12-18,0.008949628244389265
2017-12-19,-0.03288736713332389
2017-12-20,0.002759738215670644
2017-12-21,0.022750158636358042
2017-12-22,0.008638629048263308
2017-12-25,0.002112073599364827
2017-12-26,-0.0014108787502189676
2017-12-27,-0.002511607681725368
2017-12-28,-0.0004420139672001479
2017-12-29,0.004357397294996672
2018-01-01,-0.004047727236236406
2018-01-02,0.003913562255615526
2018-01-03,0.010993768604718719
2018-01-04,-0.00011811832764982364
2018-01-05,-0.007254510164852804
2018-01-08,-0.005333152240951419
2018-01-09,0.005268388407060425
2018-01-10,0.0002489692000323787
2018-01-11,0.0030382707113773225
2018-01-12,-0.0026807042984135165
2018-01-15,0.0014598370989454918
2018-01-16,-0.0024383139797376943
2018-01-17,-0.0012917006487450245
2018-01-18,-0.003503712411183966
2018-01-19,-0.015647974161750688
2018-01-22,0.023979601593258675
2018-01-23,-4.760280500997502e-05
2018-01-24,0.002318331363378473
2018-01-25,-0.00138852862124824
2018-01-26,-0.004620212900880027
2018-01-29,-0.001393771353155645
2018-01-30,0.0049114385282724785
2018-01-31,-0.0012829537300034872
2018-02-01,-0.0030241688189785697
2018-02-02,0.0012504270383474944
2018-02-05,0.0031214464563139224
2018-02-06,0.008167750098340082
2018-02-07,0.0020231970947167358
2018-02-08,0.0024613315604667713
2018-02-09,0.0021583826026128246
2018-02-12,-0.0037216450243006266
2018-02-13,-0.003475845982370643
2018-02-14,-0.0031648330698120014
2018-02-15,-0.003932739030492838
2018-02-16,0.0014413580670816053
2018-02-19,0.002634892421226683
2018-02-20,0.0014793652848387993
2018-02-21,-0.009232881402668473
2018-02-22,0.009026319688208214
2018-02-23,-0.004257528436534257
2018-02-26,0.008013489027671725
2018-02-27,-0.016943666606490538
2018-02-28,-0.002595274116115892
2018-03-01,-0.009086216853677569
2018-03-02,0.0009870194531732684
2018-03-05,-0.006742945400234002
2018-03-06,-0.006757066690320545
2018-03-07,-0.007009304110705916
2018-03-08,0.004334122840125448
2018-03-09,0.00497162885047906
2018-03-12,0.026007627131626007
2018-03-13,-0.004978937224670965
2018-03-14,-0.002830159094833623
2018-03-15,-0.013244030908416447
2018-03-16,-0.0005813787385217008
2018-03-19,-0.006021410450725096
2018-03-20,0.009906762754066581
2018-03-21,0.01574323983432064
2018-03-22,0.012983052367091982
2018-03-23,-0.011511936830449085
2018-03-26,0.007236504149996397
2018-03-27,-0.00011250113643572512
2018-03-28,-0.0017891696408770408
2018-03-29,-0.006065620349625971
2018-03-30,-0.009407376258403127
2018-04-02,0.014050647042349925
2018-04-03,0.006365128055039866
2018-04-04,-0.0011428424541779815
2018-04-05,0.0002529792924975613
2018-04-06,0.021401834920817625
2018-04-09,0.016451230663276684
2018-04-10,-0.007025601753761202
2018-04-11,-0.002332080177087527
2018-04-12,-0.0006913693732759853
2018-04-13,0.0002442737321475155
2018-04-16,-0.0018984733420015897
2018-04-17,0.00016934659416681288
2018-04-18,0.003915115018969892
2018-04-19,-0.004024058725841764
2018-04-20,-0.00424541660411701
2018-04-23,-0.001855516069660599
2018-04-24,-0.0014433813635964872
2018-04-25,0.007604360333284623
2018-04-26,0.004887624455486298
2018-04-27,0.0032408439322075683
2018-04-30,-0.00047391405428154516
2018-05-01,-0.0011128949003201927
2018-05-02,-0.0037159081430350877
2018-05-03,0.0027979836064929474
2018-05-04,0.0014768170949366589
2018-05-07,0.0062629028218499395
2018-05-08,-0.001323229953530393
2018-05-09,-0.0021625071395259604
2018-05-10,0.00023475883184353378
2018-05-11,0.0023073661572813623
2018-05-14,-0.013523967156749056
2018-05-15,0.00688759969778175
2018-05-16,-0.001275274342246677
2018-05-17,-0.010102378369258314
2018-05-18,-0.010277977346285577
2018-05-21,0.007056432492860377
2018-05-22,0.0013375008540715393
2018-05-23,0.002337324610824837
2018-05-24,0.0009262293089433954
2018-05-25,0.002696173968070757
2018-05-28,-0.0003725039343746347
2018-05-29,0.0018145905488632912
2018-05-30,-0.00018410771149169388
2018-05-31,-0.002663216443058277
2018-06-01,-7.610734131611313e-06
2018-06-04,-0.005114106963181654
2018-06-05,0.0012400851166758185
2018-06-06,-0.001150839754580126
2018-06-07,-0.0009208028634879071
2018-06-08,0.00037252312152341073
2018-06-11,0.000570733512073391
2018-06-12,0.0013813763805685369
2018-06-13,0.0029199098465515945
2018-06-14,-0.0001391332060023051
2018-06-15,-0.0009344660480038725
2018-06-18,-0.00021868871333115963
2018-06-19,-0.0016808979521161435
2018-06-20,-0.00012720536758023884
2018-06-21,-0.001171337288400522
2018-06-22,0.0005216276786052606
2018-06-25,-0.0006838247690600248
2018-06-26,0.0005302658057855444
2018-06-27,-0.0015621777464584537
2018-06-28,0.001916912056564385
2018-06-29,0.0031579113815847666
2018-07-02,0.0001866554957950948
2018-07-03,-0.0018496660621414238
2018-07-04,-0.0012399115351585891
2018-07-05,0.0013878327703181672
2018-07-06,0.0007109159162831395
2018-07-09,0.002765914192235692
2018-07-10,-0.0033664273122634304
2018-07-11,-0.0002750890676958182
2018-07-12,0.001424433567279287
2018-07-13,3.049842574821181e-05
2018-07-16,0.0039546715922385775
2018-07-17,0.003005807155585778
2018-07-18,0.0007432366583014409
2018-07-19,-5.323806624974413e-05
2018-07-20,0.002338736290229692
2018-07-23,0.0016401515009823715
2018-07-24,-0.0013157218829876593
2018-07-25,0.004487091041287873
2018-07-26,0.0010824807593392783
2018-07-27,0.001412305197324889
2018-07-30,-0.002196634433243104
2018-07-31,0.001264138940146908
2018-08-01,-0.0025877691936921333
2018-08-02,-0.0009596512165073283
2018-08-03,0.0009332275121394108
2018-08-06,0.000802524101546401
2018-08-07,0.0013280362169792769
2018-08-08,-0.0006316377393327376
2018-08-09,-0.0009610695279153279
2018-08-10,0.0016384840470346478
2018-08-13,0.0004540689572708166
2018-08-14,0.0003189522418638839
2018-08-15,-0.0002069121513630888
2018-08-16,0.0014298099953012726
2018-08-17,-0.0017383433193225264
2018-08-20,-0.0013458193365915492
2018-08-21,-0.0008356889020883045
2018-08-22,0.000590861329701424
2018-08-23,-0.003944779794051457
2018-08-24,-0.002945490793512525
2018-08-27,-0.002085716977710218
2018-08-28,-0.0008187518515375275
2018-08-29,-0.000810067478052171
2018-08-30,0.00023510596051267742
2018-08-31,0.001442057776088317
2018-09-03,0.0006014757618980075
2018-09-04,-0.0006027025215271315
2018-09-05,0.0015932920402696024
2018-09-06,-0.0011307549857106228
2018-09-07,-0.001758868909857483
2018-09-10,-0.002108891029742213
2018-09-11,-0.00012670091238581663
2018-09-12,-0.0012149128244057644
2018-09-13,0.00026357848112938545
2018-09-14,0.0003424705911839385
2018-09-17,-0.0030815670920292075
2018-09-18,-0.001589148901029846
2018-09-19,0.0007540914456742901
2018-09-20,-0.0005582554762895673
2018-09-21,-0.0023730003700079515
2018-09-24,0.0028629214760933575
2018-09-25,-0.0014187316015718517
2018-09-26,0.0011660258852636547
2018-09-27,0.0011629535118109465
2018-09-28,0.0001633485934925857
2018-10-01,-0.0025281459768824975
2018-10-02,-0.00015254164651508383
2018-10-03,0.0005897126079379597
2018-10-04,-1.547255933647177e-06
2018-10-05,0.0008124031018280561
2018-10-08,0.0009772218850092902
2018-10-09,-0.0007276312998266733
2018-10-10,-0.000502765839317269
2018-10-11,0.0016769336259523909
2018-10-12,0.0018259177503262064
2018-10-15,-0.002242162143734034
2018-10-16,0.001509000183985561
2018-10-17,0.002036260854612863
2018-10-18,0.0007634137337982731
2018-10-19,-0.0010267231649283212
2018-10-22,0.0016350628119471515
2018-10-23,-0.0016852380325729748
2018-10-24,-0.0010771876240094702
2018-10-25,0.0007217133613761336
2018-10-26,-0.0015282123613601538
2018-10-29,-0.00154144675033247
2018-10-30,-0.0001236547241089701
2018-10-31,0.0010465483816944152
2018-11-01,0.000491465136716971
2018-11-02,-0.0002068304765002497
2018-11-05,-0.0010077257521445195
2018-11-06,-0.002379674942794348
2018-11-07,-0.0019860689129467713
2018-11-08,-0.0012648255561790965
2018-11-09,-0.008831801206584819
2018-11-12,0.0002716283032799761
2018-11-13,-0.0002478394649372334
2018-11-14,-0.0012570868985140003
2018-11-15,0.0006404781660730367
2018-11-16,-0.00047830428914314924
2018-11-19,0.00012283790425016787
2018-11-20,-0.00019678120488777172
2018-11-21,0.001349113277694003
2018-11-22,-0.002802931364735247
2018-11-23,0.0022607323899806204
2018-11-26,0.008008825988485957
2018-11-27,-0.0014949347940221905
2018-11-28,-0.0010637478621008667
2018-11-29,0.0034979992836090476
2018-11-30,0.006848227250342922
2018-12-03,0.0035171072719319425
2018-12-04,-0.0059051187394848145
2018-12-05,0.002072094086497841
2018-12-06,0.012538162544231922
2018-12-07,0.0030407130425589915
2018-12-10,-0.0032816149204942984
2018-12-11,0.0019117808117394782
2018-12-12,-0.0015011005779080235
2018-12-13,0.0008941677674921683
2018-12-14,-0.001579738261973055
2018-12-17,-0.00016243637152161942
2018-12-18,-0.0013448606127332095
2018-12-19,0.0005376316920216121
2018-12-20,0.0021785896734972526
2018-12-21,0.0007492877776079808
2018-12-24,0.0016267065643189218
2018-12-25,-6.637258664655282e-05
2018-12-26,-0.0035371157341877717
2018-12-27,-0.004051500305528354
2018-12-28,0.0005481710003377204
2018-12-31,0.004272050103635361
2019-01-01,-0.0037138307767360006
2019-01-02,0.0029540123180863635
2019-01-03,-0.0005552623144748792
2019-01-04,0.00163352398861905
2019-01-07,-0.002975982191158558
2019-01-08,0.0034082843081667084
2019-01-09,0.007331000791461739
2019-01-10,-0.0064199302083099135
2019-01-11,-0.0003745277806204432
2019-01-14,0.004164239439569645
2019-01-15,-0.002371892656900753
2019-01-16,0.0029932435626459
2019-01-17,0.003011225986438092
2019-01-18,0.0011780526070114174
2019-01-21,0.005987763000793204
2019-01-22,0.005551399136206812
2019-01-23,0.005704244564155804
2019-01-24,0.0006205361636015819
2019-01-25,-0.0005498945495685924
2019-01-28,-0.003684819921662956
2019-01-29,-1.478673271786829e-05
2019-01-30,-0.0032527768857619644
2019-01-31,0.000755084425770116
2019-02-01,-0.00027148942209627956
2019-02-04,-0.0021129057804504144
2019-02-05,0.0005674786321441488
2019-02-06,0.008051874944044225
2019-02-07,-9.657311481824668e-05
2019-02-08,-0.001799420002428796
2019-02-11,0.0034936376743040804
2019-02-12,-0.0005324990777941015
2019-02-13,0.002020070789287561
2019-02-14,0.00025741384232170323
2019-02-15,-0.0020036786497918168
2019-02-18,-0.007579220028156064
2019-02-19,-0.005732159620283886
2019-02-20,-0.007331303611937652
2019-02-21,9.303395674002679e-05
2019-02-22,-0.006762061181950629
2019-02-25,0.00691417505522498
2019-02-26,0.0011629429278619827
2019-02-27,-0.0019641422487903125
2019-02-28,-0.0026693053254587687
2019-03-01,0.002790528090446334
2019-03-04,-0.004372295611436957
2019-03-05,-0.016979885218709623
2019-03-06,0.015455623859336309
2019-03-07,0.010080665943099483
2019-03-08,-0.007553160564672531
2019-03-11,0.008437906296835034
2019-03-12,0.0023699785878643956
2019-03-13,0.0040477951142028085
2019-03-14,-0.006864856265272607
2019-03-15,0.02292739741443076
2019-03-18,-0.0035107564484278177
2019-03-19,0.020506714553229357
2019-03-20,0.0013941716547746829
2019-03-21,0.0025663981019600126
2019-03-22,0.00374684747810599
2019-03-25,0.009513268406695436
2019-03-26,-0.010233305311574006
2019-03-27,0.00279371886215052
2019-03-28,0.003844193572145058
2019-03-29,-0.0004771934099384468
2019-04-01,0.0017144769766852912
2019-04-02,-0.0008255308963926698
2019-04-03,0.0025079231785301364
2019-04-04,0.004302892398532109
2019-04-05,-0.002939155087723997
2019-04-08,-0.0047985878109384665
2019-04-09,0.007840470999339674
2019-04-10,0.0028838103739787227
2019-04-11,0.006389089077588329
2019-04-12,-0.002495617070191185
2019-04-15,0.000660062590198018
2019-04-16,-0.0013904569679499788
2019-04-17,0.0028835309323299997
2019-04-18,-0.00655599303375751
2019-04-19,0.002584893673595391
2019-04-22,0.0013174767995349206
2019-04-23,0.0028245967175193343
2019-04-24,-0.0009493093107948633
2019-04-25,-0.0027993457707830727
2019-04-26,0.00199973828768532
2019-04-29,-0.0036085960385862335
2019-04-30,0.00491886918723288
2019-05-01,0.008492402661903006
2019-05-02,0.01425418761325458
2019-05-03,-0.014553497661724129
2019-05-06,-0.011404305916996158
2019-05-07,0.006960124941211676
2019-05-08,0.0018175572576479063
2019-05-09,-0.007515154858603554
2019-05-10,0.0014464582266557812
2019-05-13,0.00030292360886664306
2019-05-14,0.009699860901352542
2019-05-15,5.8238173952473906e-05
2019-05-16,0.004683803097054688
2019-05-17,-0.004739756878373053
2019-05-20,-0.0029314209249371517
2019-05-21,0.0025118855553471686
2019-05-22,0.005969181791191148
2019-05-23,-0.005022414582930638
2019-05-24,0.003156898249414501
2019-05-27,-0.005057888662980153
2019-05-28,-0.0013030454775096662
2019-05-29,0.001696612678099542
2019-05-30,-0.0013407623202409368
2019-05-31,-0.0024331054907293756
2019-06-03,-0.0048182176752515895
2019-06-04,-0.004336312004127077
2019-06-05,0.017808213129594273
2019-06-06,0.0016277863346454758
2019-06-07,-0.004425329547761481
2019-06-10,-0.00020110061599218332
2019-06-11,-0.007975597643317333
2019-06-12,-0.005939379895495572
2019-06-13,0.00669114366231694
2019-06-14,-0.000545869961072814
2019-06-17,0.007726055553190605
2019-06-18,-0.0018292336988352553
2019-06-19,0.0011424680952584658
2019-06-20,0.002802416604196796
2019-06-21,-0.014025240052113568
2019-06-24,0.0018466150076063748
2019-06-25,0.0017210306581953011
2019-06-26,0.007316430011455226
2019-06-27,0.003280795016746896
2019-06-28,-0.002649576126739399
2019-07-01,0.004636183595819217
2019-07-02,0.00038807728552330044
2019-07-03,-0.004576613925174866
2019-07-04,-0.0004280272093237778
2019-07-05,0.0011038741679025783
2019-07-08,0.007379476082999006
2019-07-09,0.0019097505231791302
2019-07-10,0.0006098252750860477
2019-07-11,0.0023377265689192355
2019-07-12,0.007156255364253069
2019-07-15,0.0052757911754378025
2019-07-16,0.007276438659209069
2019-07-17,0.0029366171565376412
2019-07-18,0.0003643265679265115
2019-07-19,0.005753615178886068
2019-07-22,-0.0008402125661751293
2019-07-23,-0.00045280554728138473
2019-07-24,0.008998230411801995
2019-07-25,0.008726868756758264
2019-07-26,0.0007117016684860905
2019-07-29,-0.0035508406186659496
2019-07-30,0.009510250569130517
2019-07-31,0.005628147862836833
2019-08-01,-0.0015461121639246684
2019-08-02,-0.002867011390416379
2019-08-05,0.0015294579495348046
2019-08-06,0.0023540677240564247
2019-08-07,-0.00017048998323395282
2019-08-08,-7.161982006111773e-05
2019-08-09,0.001635594858463092
2019-08-12,-0.001077750603324214
2019-08-13,0.0050722863258375476
2019-08-14,0.009239879615383665
2019-08-15,0.004793487927508788
2019-08-16,-0.003645407224368016
2019-08-19,0.012107546097753373
2019-08-20,-0.0013637856193419642
2019-08-21,-0.023849413994934253
2019-08-22,0.005727343691911623
2019-08-23,-0.0007029268348735171
2019-08-26,0.014173834302737581
2019-08-27,0.006355313887685812
2019-08-28,0.0037798961121696534
2019-08-29,0.00401611385676183
2019-08-30,0.000385602859846777
2019-09-02,-0.005798924677620605
2019-09-03,-0.008334912094354163
2019-09-04,-0.0035833869801787195
2019-09-05,0.003760130104130355
2019-09-06,-0.011461009149225904
2019-09-09,-0.0037060858384267517
2019-09-10,-0.0021537271625798916
2019-09-11,-0.002343492455170964
2019-09-12,-0.004846774611777775
2019-09-13,-0.0038591194403532333
2019-09-16,0.007938043704002373
2019-09-17,0.005813646446755511
2019-09-18,0.0002358570953405149
2019-09-19,-0.0011976237854567987
2019-09-20,5.3976562088462e-05
2019-09-23,-0.01135718772730925
2019-09-24,-0.011631102273405601
2019-09-25,0.01200159646361034
2019-09-26,-0.0023943054858136656
2019-09-27,-0.013869589552847485
2019-09-30,0.0026652099725750856
2019-10-01,0.0019203129359963754
2019-10-02,-0.010694654924892183
2019-10-03,-0.00031845112387666303
2019-10-04,0.0029331920478886013
2019-10-07,8.927097410822791e-05
2019-10-08,0.01029375915514245
2019-10-09,0.007237831297612539
2019-10-10,0.011197074879305106
2019-10-11,0.015672261252565337
2019-10-14,0.005057702109368034
2019-10-15,0.0016310217278109828
2019-10-16,0.0035640966592870235
2019-10-17,-0.0016299176767243812
2019-10-18,-0.00026872762477727643
2019-10-21,-0.00353984498850612
2019-10-22,0.002833048357329277
2019-10-23,-0.004704532791015638
2019-10-24,-0.00219106082401179
2019-10-25,0.003086812107096164
2019-10-28,-0.00020980674354992648
2019-10-29,-0.011297045601870994
2019-10-30,-0.006918303169993024
2019-10-31,-0.004902436224115206
2019-11-01,-0.01034509148629121
2019-11-04,0.007024671421290308
2019-11-05,0.004269490290508601
2019-11-06,0.015746497888964223
2019-11-07,0.009217398184844723
2019-11-08,0.011031855200698033
2019-11-11,0.0022686269858808103
2019-11-12,-0.0015170984133736258
2019-11-13,0.007248131718063756
2019-11-14,0.01290282910435269
2019-11-15,0.0029622525133342023
2019-11-18,0.01632502323269018
2019-11-19,-0.03827167442740355
2019-11-20,-0.006822076494582916
2019-11-21,0.0012409610784581745
2019-11-22,0.006413590220868076
2019-11-25,0.008643123845900465
2019-11-26,-0.005142725477732566
2019-11-27,0.007614959519889688
2019-11-28,-0.0064916333256984995
2019-11-29,-0.0037465094492245042
2019-12-02,0.0006829347531647832
2019-12-03,-0.0008628808166339288
2019-12-04,-0.005541745161558942
2019-12-05,0.001371889002154971
2019-12-06,0.004079861213360937
2019-12-09,0.005183737367959079
2019-12-10,-0.005293822396852739
2019-12-11,-0.002936224829722628
2019-12-12,-0.0006896871425827503
2019-12-13,0.01085961132975871
2019-12-16,-0.015100103451653826
2019-12-17,-0.00702642540966
2019-12-18,-0.0012723173250163184
2019-12-19,-0.004485906316952456
2019-12-20,-0.0003763693054645681
2019-12-23,-0.00218884917427888
2019-12-24,-0.0017900928287327648
2019-12-25,-0.000650716177029633
2019-12-26,0.001143765204883634
2019-12-27,0.0009885015461346019
2019-12-30,-0.0033671789421265697
2019-12-31,-0.0007226965448860012
2020-01-01,9.231393626781022e-05
2020-01-02,-0.009390789368942554
2020-01-03,0.0025358300284423216
2020-01-06,-0.002224941791630561
2020-01-07,0.006078446652870795
2020-01-08,0.002882841638677955
2020-01-09,0.002680808228297778
2020-01-10,-0.00112835969311158
2020-01-13,0.0013808580775952553
2020-01-14,-0.007132741444812126
2020-01-15,-0.0048535825693114525
2020-01-16,0.0077878516992086495
2020-01-17,0.006469551639654483
2020-01-20,-0.007038054460765679
2020-01-21,-0.0017007318404942255
2020-01-22,0.0010375137390953451
2020-01-23,0.0036042569252435165
2020-01-24,-0.009585723906081093
2020-01-27,-0.006139243485717276
2020-01-28,0.0032826412434832464
2020-01-29,-0.010088809109316204
2020-01-30,0.0010187866282565438
2020-01-31,0.0006772540598265614
2020-02-03,0.0033478393866105435
2020-02-04,-0.008723848108684713
2020-02-05,-0.0005270826798720873
2020-02-06,0.015983471708038974
2020-02-07,0.002398288094234933
2020-02-10,-0.0027817542263147946
2020-02-11,0.0008101673418781089
2020-02-12,0.001162875497007003
2020-02-13,0.008302660918245908
2020-02-14,0.0064090506794586555
2020-02-17,0.00763430414348873
2020-02-18,-0.0035060700655920097
2020-02-19,-0.0019130754706406647
2020-02-20,-0.00496684507379808
2020-02-21,0.0017097701143528616
2020-02-24,-0.012217289744441008
2020-02-25,0.016150160743780118
2020-02-26,0.005299490692979534
2020-02-27,0.0003644796851895956
2020-02-28,0.0030682445081692935
2020-03-02,-0.0004455188290539143
2020-03-03,0.0029827188744446747
2020-03-04,-0.006279152178606325
2020-03-05,0.00013743771590229254
2020-03-06,-0.0010221940952737838
2020-03-09,0.0028063851576442507
2020-03-10,-0.004852420392432449
2020-03-11,-0.00854724154041291
2020-03-12,-0.0056360776605769965
2020-03-13,0.000461878823391889
2020-03-16,-0.0005183729765677303
2020-03-17,0.008408640854826177
2020-03-18,0.0011575672850544744
2020-03-19,0.002164749737552903
2020-03-20,-0.00039456808676146036
2020-03-23,0.006915698847512366
2020-03-24,-0.0030764232035760506
2020-03-25,-0.00038916438530072384
2020-03-26,-0.0044994460215797795
2020-03-27,0.00592214432390752
2020-03-30,0.005054615522943708
2020-03-31,-0.002773250022738547
2020-04-01,-0.001049539382078385
2020-04-02,0.005330383168090239
2020-04-03,0.0004164207243945548
2020-04-06,-0.0014622237095093982
2020-04-07,-0.00191239765018968
2020-04-08,0.001036855137187885
2020-04-09,-0.0018043223833971345
2020-04-10,-0.0038088419938171513
2020-04-13,-0.005552557913728381
2020-04-14,-0.001280345842515573
2020-04-15,-0.003750532177413419
2020-04-16,-0.00654926748906942
2020-04-17,-0.0014913531549708712
2020-04-20,0.008566967687010311
2020-04-21,0.004222195309011042
2020-04-22,0.0004880645897965847
2020-04-23,-0.0006040631068391059
2020-04-24,-0.0026565548205505097
2020-04-27,-0.011568721223869757
2020-04-28,-0.00605850424950977
2020-04-29,0.004247674945133644
2020-04-30,-0.005402672375026651
2020-05-01,0.0030113620090890486
2020-05-04,-0.010653196669410114
2020-05-05,-0.01699122811893961
2020-05-06,0.0019104191304056108
2020-05-07,-0.00036018213974715104
2020-05-08,-0.000931034779648717
2020-05-11,-0.0026749070759102475
2020-05-12,0.0018753815255078635
2020-05-13,0.005854577810922053
2020-05-14,-0.0019038747996207883
2020-05-15,0.0002216771454512281
2020-05-18,0.00353265377046387
2020-05-19,-0.0034538814888178514
2020-05-20,0.008168788340066518
2020-05-21,0.009485184888258285
2020-05-22,-0.010957099836761955
2020-05-25,0.0011560738223547723
2020-05-26,-0.003210694020700098
2020-05-27,0.0012815126837115586
2020-05-28,-0.0009141262352704532
2020-05-29,0.0036128112239357238
2020-06-01,0.0003516034652592215
2020-06-02,0.00048266562942511117
2020-06-03,0.0005825436633717949
2020-06-04,0.00432125071527096
2020-06-05,-0.0028410811203025965
2020-06-08,-0.0044024259099967895
2020-06-09,0.004761313010670808
2020-06-10,-0.0015339486584723403
2020-06-11,-0.0010695060028914141
2020-06-12,0.0004301475618168518
2020-06-15,0.0007570460140388768
2020-06-16,0.003378141933597461
2020-06-17,0.0031562731487608784
2020-06-18,-0.003544163824613306
2020-06-19,-0.002375957540478568
2020-06-22,-0.0006291630746249493
2020-06-23,0.0010343569274192657
2020-06-24,-0.004044471025798753
2020-06-25,0.0006841285688172797
2020-06-26,0.0002790104602749732
2020-06-29,0.0046549708129208275
2020-06-30,-0.00032086118447416205
2020-07-01,-0.0011460121860237826
2020-07-02,0.002137854791805047
2020-07-03,0.0005931852064963682
2020-07-06,0.0003398057637299251
2020-07-07,-0.0027682927583795418
2020-07-08,0.0015323175722632264
2020-07-09,-0.0002861904567812752
2020-07-10,0.0004729959327732427
2020-07-13,-0.00022804784649591361
2020-07-14,-0.0012806678814143001
2020-07-15,-0.0016035332549722914
2020-07-16,-0.003983795895116382
2020-07-17,0.00221481871769013
2020-07-20,-0.0033443138756835255
2020-07-21,0.0032833565299699805
2020-07-22,0.002935139263171874
2020-07-23,-0.0012561466544071453
2020-07-24,-0.0009283322129303752
2020-07-27,-0.0016001934544801685
2020-07-28,-0.0022739431507005047
2020-07-29,-0.0016456184084957578
2020-07-30,-0.0015700314629892216
2020-07-31,0.0013027957582529485
2020-08-03,0.0006207768495216665
2020-08-04,0.0038403746961365856
2020-08-05,0.0034026421915473526
2020-08-06,0.0014779960178572566
2020-08-07,0.0004233361117767431
2020-08-10,0.006496530982430436
2020-08-11,-0.000358106384546829
2020-08-12,-0.003525251596622059
2020-08-13,-0.003041346026120984
2020-08-14,0.00163381515443768
2020-08-17,0.0010685822485684456
2020-08-18,-0.001505374837352906
2020-08-19,0.008473152039772523
2020-08-20,-0.0020641659710716673
2020-08-21,0.003890068298362962
2020-08-24,-0.012455219246839823
2020-08-25,0.014353558114196672
2020-08-26,-0.003687947785104009
2020-08-27,0.0006692892802492772
2020-08-28,-0.00044597798173141027
2020-08-31,0.00046368227680652907
2020-09-01,-0.0010422368121288297
2020-09-02,0.0012306727244180572
2020-09-03,-0.005389986511580441
2020-09-04,-0.0036324196842640937
2020-09-07,0.0018614602973670178
2020-09-08,0.0008194767608004343
2020-09-09,0.0035521369113347256
2020-09-10,-0.0024229394186540115
2020-09-11,0.002521402434961607
2020-09-14,-0.0009514601476986809
2020-09-15,-0.0018037681510705474
2020-09-16,-0.0014469313014969952
2020-09-17,2.5432831065163013e-05
2020-09-18,-0.0009797503721797546
2020-09-21,0.0018842059249778312
2020-09-22,0.0005668238911047114
2020-09-23,-0.001712836411438495
2020-09-24,0.002696909177314187
2020-09-25,0.002428408129646853
2020-09-28,-0.004619486980495061
2020-09-29,6.171950086418126e-05
2020-09-30,-0.003469307103034622
2020-10-01,0.002730753124011504
2020-10-02,0.004756334193669351
2020-10-05,-0.004015304029212831
2020-10-06,-0.004493017475413344
2020-10-07,-0.0043029613312135775
2020-10-08,0.0015230151156580042
2020-10-09,0.0012933904806723625
2020-10-12,-0.0036017246408353177
2020-10-13,0.0004681510949694498
2020-10-14,0.0017055211584625697
2020-10-15,-0.0037462518975981737
2020-10-16,0.0027013018536494113
2020-10-19,-0.0016855410094660708
2020-10-20,-3.5771010616048385e-05
2020-10-21,0.0002562177453035268
2020-10-22,-0.00217416353103558
2020-10-23,-0.001582060709079324
2020-10-26,5.531043606679838e-05
2020-10-27,0.0019215017862875775
2020-10-28,-0.003711778117912472
2020-10-29,0.0015232594910564827
2020-10-30,-0.0032155927123903006
2020-11-02,0.004783350518467377
2020-11-03,-0.007750826145281263
2020-11-04,-0.004607921398608
2020-11-05,0.0021680216756478216
2020-11-06,0.0034256076885955935
2020-11-09,-0.0020930325792892345
2020-11-10,-0.00022238543413676242
2020-11-11,0.0009880657859846053
2020-11-12,0.004278061542321054
2020-11-13,0.003983961126539319
2020-11-16,0.0035875150196570584
2020-11-17,0.003046503837803765
2020-11-18,-0.0006867236540395822
2020-11-19,0.0016746453096207047
2020-11-20,-0.00023432819762504112
2020-11-23,1.363512820691179e-06
2020-11-24,-0.002578807677418554
2020-11-25,-0.004766660242978013
2020-11-26,-0.0021966627916906777
2020-11-27,-0.001491672903645754
2020-11-30,0.002887805746003797
2020-12-01,-0.0036664403124391197
2020-12-02,-0.0004441450465935302
2020-12-03,-0.0032543740306169282
2020-12-04,-0.0007193836553745826
2020-12-07,-5.399052748920278e-05
2020-12-08,-0.0005752449050391408
2020-12-09,-0.0002627084881061505
2020-12-10,0.0002547261620640725
2020-12-11,0.0012748753879875657
2020-12-14,-0.0011460102468239556
2020-12-15,-0.0005427342925657785
2020-12-16,-0.0008082886374311082
2020-12-17,0.0005229661709228225
2020-12-18,-0.0008700392922764608
2020-12-21,0.0022596876874730488
2020-12-22,-3.6513013643223007e-05
2020-12-23,0.0007831905161370722
2020-12-24,-0.00022547597594688856
2020-12-25,0.0002081407493995473
2020-12-28,-5.0254869554674586e-05
2020-12-29,0.0013150320708833034
2020-12-30,-0.00035798767993549163
2020-12-31,0.0010531336947373921
2021-01-01,0.0006573782481554963
2021-01-04,-0.0010159404454001923
2021-01-05,-0.0021442137674143706
2021-01-06,-0.0008351794721190246
2021-01-07,0.0007779521864517552
2021-01-08,0.0021602873788431447
2021-01-11,0.0005934783702977852
2021-01-12,-0.00027393225990812384
2021-01-13,-0.002452162806588135
2021-01-14,-0.001134352400666418
2021-01-15,0.0008094402839272001
2021-01-18,-0.0017763005430117117
2021-01-19,-0.0008308230169224223
2021-01-20,-0.004387758493230578
2021-01-21,0.0020754425334054416
2021-01-22,-0.0013443162235463437
2021-01-25,0.001830567524020256
2021-01-26,0.00040082864787333017
2021-01-27,8.921405648249642e-05
2021-01-28,-0.0002607332313859234
2021-01-29,0.0021430894998118455
2021-02-01,-0.001204358518711519
2021-02-02,3.9913644469620826e-05
2021-02-03,-0.0007644123753009812
2021-02-04,-0.0013168979339654623
2021-02-05,0.0018824609422353512
2021-02-08,0.0012665850267344035
2021-02-09,-0.00039007031084968384
2021-02-10,-0.000951172336372829
2021-02-11,-0.0016716215128952175
2021-02-12,-0.0005303824266398427
2021-02-15,0.005284023931488892
2021-02-16,-0.00019888877160957694
2021-02-17,-0.0005587635118861735
2021-02-18,0.009016101063427366
2021-02-19,-0.005628655800120307
2021-02-22,-0.007190982876551573
2021-02-23,-0.001452572506089133
2021-02-24,0.0015022731959281601
2021-02-25,0.0003689209523243409
2021-02-26,-0.0007627140389377517
2021-03-01,-0.0012370817065011329
2021-03-02,-0.003553761296385196
2021-03-03,0.0036870459769173525
2021-03-04,0.0024912314286928486
2021-03-05,0.003778160636821037
2021-03-08,0.004559209094918328
2021-03-09,-0.002956790581586835
2021-03-10,-9.515614955803255e-05
2021-03-11,-0.003131980555788243
2021-03-12,-0.0006962156993254572
2021-03-15,-0.001614470151968857
2021-03-16,0.0026073793763703446
2021-03-17,-0.0005941353457107395
2021-03-18,0.0023667299990926807
2021-03-19,0.00022443896334735413
2021-03-22,0.0011811860993680193
2021-03-23,-0.0023173796050590793
2021-03-24,0.0016763762406169728
2021-03-25,-0.0011095129778802312
2021-03-26,0.00014795671276906022
2021-03-29,-0.0014437519850185395
2021-03-30,0.0003035759950014074
2021-03-31,0.0006860043716330568
2021-04-01,0.001021127578752867
2021-04-02,-0.0011687130412099626
2021-04-05,0.000524849973402542
2021-04-06,0.0024208836658529947
2021-04-07,0.0011579188060818063
2021-04-08,-2.6675949640759134e-05
2021-04-09,0.0026663385400881243
2021-04-12,0.0016878406639020734
2021-04-13,-0.00032293107564520965
2021-04-14,-0.0008056886112951175
2021-04-15,-0.0009400270120606354
2021-04-16,-0.0014759944732389407
2021-04-19,-0.0011719273340055555
2021-04-20,-0.0022507778664408278
2021-04-21,-0.004192911013716371
2021-04-22,0.0035711382579682576
2021-04-23,-0.0009669087534938557
2021-04-26,0.0015585843946238917
2021-04-27,-0.0019762427321293827
2021-04-28,0.004105717604354731
2021-04-29,-0.004236480736908582
2021-04-30,-0.0017904213516120896
2021-05-03,-0.0006115327154187894
2021-05-04,0.004974208517168288
2021-05-05,0.001821297342644068
2021-05-06,-0.0036706407916943014
2021-05-07,0.002084794859750728
2021-05-10,0.004252683669893349
2021-05-11,-0.0041251613434211045
2021-05-12,0.00029764577907323477
2021-05-13,-0.0004484112299530437
2021-05-14,0.0017421712027920607
2021-05-17,-0.0018613324062110833
2021-05-18,-0.0033605826114871135
2021-05-19,-0.0006434349429168627
2021-05-20,-0.002636276361103791
2021-05-21,0.0007442145118992606
2021-05-24,0.0029061556304372863
2021-05-25,-0.002188906052061732
2021-05-26,-0.000595093437909356
2021-05-27,-0.0022196693785754805
2021-05-28,0.0013829422981080106
2021-05-31,0.001901016601901298
2021-06-01,0.0012931323422578672
2021-06-02,-0.00485165207261975
2021-06-03,0.0034947332128195127
2021-06-04,0.0004896156022099628
2021-06-07,0.002333414779122373
2021-06-08,0.0023495857430425905
2021-06-09,-0.001923457585033751
2021-06-10,-0.0007181452175094461
2021-06-11,-0.0021535213492679278
2021-06-14,-0.0015490514127794043
2021-06-15,-6.168230796015856e-05
2021-06-16,-0.0011552850193470958
2021-06-17,-0.006066861961726731
2021-06-18,-0.00117357380676707
2021-06-21,0.000393961737689645
2021-06-22,-0.0011756812161039804
2021-06-23,0.002070368012266878
2021-06-24,0.0031994848307522993
2021-06-25,0.0030167264418616236
2021-06-28,0.001297574461636676
2021-06-29,0.0007775773972248682
2021-06-30,0.004081117766789495
2021-07-01,0.0022340019567119937
2021-07-02,0.0027141324943124523
2021-07-05,0.0008685682083509581
2021-07-06,0.0006882752670105713
2021-07-07,-0.0009917599789245894
2021-07-08,-0.0016021094876804375
2021-07-09,0.0014260553718648842
2021-07-12,-0.0004983249777221962
2021-07-13,-0.0018124304617387677
2021-07-14,-0.003929357172750798
2021-07-15,0.001470193461151379
2021-07-16,-0.0026410329429039066
2021-07-19,0.0006811292889141183
2021-07-20,-0.0013764890336949945
2021-07-21,-0.00024408331439321543
2021-07-22,0.0006061759160166675
2021-07-23,-0.0001889609386579831
2021-07-26,0.002893502680137612
2021-07-27,0.001910020039614057
2021-07-28,0.002155411969708188
2021-07-29,0.0039907270526478664
2021-07-30,-0.0010948093875096983
2021-08-02,-0.0017397891185089477
2021-08-03,0.004340673093662248
2021-08-04,-0.0060783264420784435
2021-08-05,0.0001647173598799158
2021-08-06,0.0010096633475008693
2021-08-09,0.005755688389385238
2021-08-10,-0.004459699274408873
2021-08-11,0.004875882371798812
2021-08-12,-0.0027953889577048696
2021-08-13,-0.002081149953054064
2021-08-16,-0.0028746416450414237
2021-08-17,-0.005556118574520684
2021-08-18,0.002907224268924059
2021-08-19,-0.0050984139105147205
2021-08-20,0.0011053590595400233
2021-08-23,-0.0020440390768046053
2021-08-24,-0.006524924175064872
2021-08-25,-0.0027158060319583295
2021-08-26,0.0013221295450013262
2021-08-27,-0.0006563443917133025
2021-08-30,0.0014945900515384903
2021-08-31,0.002816151763255243
2021-09-01,0.00512267009263522
2021-09-02,0.0012191171689450208
2021-09-03,-0.011280751021614351
2021-09-06,0.00058003993066294
2021-09-07,0.0017891943762869942
2021-09-08,-0.005071395327476105
2021-09-09,-0.006079655962389413
2021-09-10,-0.0017413274350172835
2021-09-13,-0.0018435304764251234
2021-09-14,-0.003336164400150935
2021-09-15,0.004311018884245843
2021-09-16,-0.008691466519714768
2021-09-17,-0.005730871623929523
2021-09-20,0.0010100466621143483
2021-09-21,-0.001453726482102086
2021-09-22,-0.00715640751624527
2021-09-23,-0.0024587709421136582
2021-09-24,0.00019206207082772542
2021-09-27,-0.0011042110980959583
2021-09-28,9.223487468774201e-05
2021-09-29,-0.002413599146674514
2021-09-30,0.007985848975289695
2021-10-01,0.0009679075698048479
2021-10-04,-0.00030603457985457425
2021-10-05,0.0016989162709569244
2021-10-06,0.0009912863422888148
2021-10-07,0.0007678937900051138
2021-10-08,-0.0018383720530739493
2021-10-11,-0.0003284958515844729
2021-10-12,-0.00012596321684708118
2021-10-13,-0.0029875466679944104
2021-10-14,0.002223278684995984
2021-10-15,0.0012670125205418786
2021-10-18,-0.00016885164644609872
2021-10-19,-0.001968768053959142
2021-10-20,0.0015787902219407087
2021-10-21,-0.0017679150474008178
2021-10-22,-0.0006577833672842926
2021-10-25,0.0008305531504105511
2021-10-26,-0.000598753760872677
2021-10-27,0.0029859202757194017
2021-10-28,-0.0001454701651861798
2021-10-29,-0.00039077790715409157
2021-11-01,5.258834530240224e-05
2021-11-02,-0.002238194756041499
2021-11-03,-5.231145646425136e-05
2021-11-04,-0.0013611720208508964
2021-11-05,0.0018403285968357531
2021-11-08,-0.00010078657023903856
2021-11-09,0.0005379248387221681
2021-11-10,0.0007331923747842528
2021-11-11,-0.0019937283503425
2021-11-12,-0.0004953522298054205
2021-11-15,0.00258673437210961
2021-11-16,4.6477647628126104e-05
2021-11-17,0.0016815849248446356
2021-11-18,0.0036170060080589067
2021-11-19,-6.718024125925998e-05
2021-11-22,0.002349163346511786
2021-11-23,0.0005924057157910105
2021-11-24,-0.0013422921579481321
2021-11-25,0.0019695306268110065
2021-11-26,-0.0009137700460702895
2021-11-29,0.0020669741675581263
2021-11-30,-0.0007528133081071351
2021-12-01,0.0004042912674814478
2021-12-02,0.001404873345769866
2021-12-03,0.00041254605623271615
2021-12-06,-0.001973417240815058
2021-12-07,0.0018751486785445956
2021-12-08,-0.0009692679772949791
2021-12-09,-0.0004684765122986035
2021-12-10,-0.003616078324906652
2021-12-13,-9.374267194976532e-05
2021-12-14,0.0025793008819774087
2021-12-15,-4.3558363099284545e-05
2021-12-16,0.002629548416785265
2021-12-17,-0.0014980384759155502
2021-12-20,-0.0005934434919173555
2021-12-21,0.006092692008372588
2021-12-22,-0.006994501711706229
2021-12-23,0.002544300178096909
2021-12-24,-0.0007522531758760616
2021-12-27,-0.002276600721795711
2021-12-28,0.0011982318244404206
2021-12-29,0.004092976372557067
2021-12-30,0.0024182910799914192
2021-12-31,-0.0006988023930806411
2022-01-03,0.005428252289814821
2022-01-04,0.0031688324059467267
2022-01-05,-0.0019295076168947573
2022-01-06,0.0011762854688696861
2022-01-07,-0.003220537289547657
2022-01-10,0.0035657289581351604
2022-01-11,0.0014830305958932356
2022-01-12,-0.005009780714441046
2022-01-13,-0.003956560218108633
2022-01-14,0.0019558744462542365
2022-01-17,-0.0004555076994174267
2022-01-18,-0.0007206905008017364
2022-01-19,0.0064690890979796556
2022-01-20,-0.0028031024200389915
2022-01-21,0.0012166736398284605
2022-01-24,-0.0009872019782701843
2022-01-25,0.0016059354147346019
2022-01-26,0.004288765671099048
2022-01-27,-0.00449003606136358
2022-01-28,0.0023170350996402477
2022-01-31,0.0027732648424306557
2022-02-01,-0.0002426002955758157
2022-02-02,-0.0029950486565385806
2022-02-03,0.0018045256502096183
2022-02-04,0.0028166414078077315
2022-02-07,0.004970882484596012
2022-02-08,0.0023389106701382596
2022-02-09,-0.0043979567892020975
2022-02-10,0.004620824282674174
2022-02-11,0.0041785602643920495
2022-02-14,0.0015003646874370458
2022-02-15,-0.005337122127966349
2022-02-16,0.0010128895398269122
2022-02-17,-0.0005158245053355372
2022-02-18,-0.0018276153186928719
2022-02-21,0.0010657879719576278
2022-02-22,-0.004427773257244586
2022-02-23,0.00376642279080547
2022-02-24,0.0018258116421565114
2022-02-25,-0.0071917490904851045
2022-02-28,0.004252087235416515
2022-03-01,-0.000627633568840717
2022-03-02,0.00018768252115043509
2022-03-03,-0.005987578599204067
2022-03-04,-0.0034315336523925355
2022-03-07,-0.0037521183688494757
2022-03-08,-0.0028454833227490118
2022-03-09,-0.00025900300797644833
2022-03-10,0.0018217068993592153
2022-03-11,0.00015534229946938873
2022-03-14,-0.0011126338885416491
2022-03-15,-0.0016240263305062578
2022-03-16,0.011960246063372676
2022-03-17,-0.004225113986412558
2022-03-18,-0.0020199450589955623
2022-03-21,0.014544976697190688
2022-03-22,0.0015798490179978583
2022-03-23,-0.006826710826890459
2022-03-24,0.0016438495518566248
2022-03-25,-0.004215809578822919
2022-03-28,0.00284757394217111
2022-03-29,0.0002783422360580578
2022-03-30,-0.0011212771412243846
2022-03-31,0.005692222932928894
2022-04-01,0.0050985586796587715
2022-04-04,0.014826553396521646
2022-04-05,0.001457441244565546
2022-04-06,-0.005482300926452438
2022-04-07,0.0015463670036767558
2022-04-08,0.004677716386999837
2022-04-11,0.00018035323889252107
2022-04-12,0.006802126657539246
2022-04-13,0.004412931301703741
2022-04-14,0.0019816295032115527
2022-04-15,0.0020246878473557713
2022-04-18,-0.00022956438834179516
2022-04-19,-0.006966394154710022
2022-04-20,0.002192552548322386
2022-04-21,0.00015759342522340784
2022-04-22,-5.1410139309976746e-05
2022-04-25,0.0025130898469041788
2022-04-26,0.0005713483195246896
2022-04-27,0.0041173663558585405
2022-04-28,0.0004642166215438701
2022-04-29,0.002454379619049086
2022-05-02,-0.007466211148087659
2022-05-03,0.008514251033201718
2022-05-04,0.0003391795499853218
2022-05-05,-0.001261105085593334
2022-05-06,-0.0008841816551076894
2022-05-09,-0.0032714541941949726
2022-05-10,0.007969230010418838
2022-05-11,0.008145739940568303
2022-05-12,0.0040838292790336935
2022-05-13,-0.0008051229740446749
2022-05-16,0.0059316702450569365
2022-05-17,0.0011507720553920137
2022-05-18,-0.0029606196448430625
2022-05-19,0.0023049426813922646
2022-05-20,-0.004011159501237932
2022-05-23,0.002461064844204573
2022-05-24,0.002286593814945233
2022-05-25,0.004176757800411827
2022-05-26,-0.0022820497114634597
2022-05-27,0.005150478625248617
2022-05-30,-0.004849916231528035
2022-05-31,-0.003566383016976916
2022-06-01,-0.001417725395080091
2022-06-02,-0.003293639783371714
2022-06-03,0.005015923448471646
2022-06-06,-0.00546322995946532
2022-06-07,-0.0031409846549784607
2022-06-08,0.006890258959310855
2022-06-09,-0.002862567196544673
2022-06-10,0.000662388064905441
2022-06-13,-0.006570247476388365
2022-06-14,0.004061291335226774
2022-06-15,0.00705247195134779
2022-06-16,0.0038940980451700954
2022-06-17,0.0032583405549835402
2022-06-20,0.0004991939114609727
2022-06-21,-0.004524375801549213
2022-06-22,-0.010392162977833946
2022-06-23,0.019123932991173483
2022-06-24,0.008557859721893067
2022-06-27,-0.009858011524829822
2022-06-28,0.0037078817981286657
2022-06-29,-0.003477255512577232
2022-06-30,-0.013421947926045796
2022-07-01,0.003584464291970656
2022-07-04,-0.007033969622364491
2022-07-05,-0.012542111027477888
2022-07-06,-0.02041589992948837
2022-07-07,-0.023587932185078694
2022-07-08,-0.00782101122383092
2022-07-11,0.004823095835769828
2022-07-12,-0.010444222878567113
2022-07-13,0.0067705859143509396
2022-07-14,-0.003884401402987638
2022-07-15,0.00505892613171476
2022-07-18,-0.0005502665977651078
2022-07-19,-0.003237484012496115
2022-07-20,0.0022268531016090866
2022-07-21,-0.00705009071712589
2022-07-22,0.004262201768219092
2022-07-25,-0.005831041272734379
2022-07-26,0.00505152010311154
2022-07-27,-0.00258515094805172
2022-07-28,0.0030042441057914135
2022-07-29,-0.005580814862272287
2022-08-01,-0.0027382594340932603
2022-08-02,0.0010897757640395325
2022-08-03,0.004695474089071986
2022-08-04,0.006479364341208528
2022-08-05,0.00030446505462072447
2022-08-08,0.00567610749020455
2022-08-09,-0.0003038726625773911
2022-08-10,0.00812918956586843
2022-08-11,-0.01140995926033634
2022-08-12,0.0032722582815065404
2022-08-15,-0.016492113176165668
2022-08-16,-0.008650357872144666
2022-08-17,-0.0012116075816518985
2022-08-18,-0.01149967967230927
2022-08-19,-0.0025498585374020624
2022-08-22,0.0033649692796406706
2022-08-23,-0.006230811730294151
2022-08-24,-0.014506546692500068
2022-08-25,-0.002167374260514731
2022-08-26,-0.005066934639482237
2022-08-29,-0.0003290742649396561
2022-08-30,0.0036963270292084153
2022-08-31,-0.0072966037805095385
2022-09-01,0.009800812507589018
2022-09-02,-0.010577080368664006
2022-09-05,0.019443254157740647
2022-09-06,-0.014353548302983417
2022-09-07,-6.542123828523786e-05
2022-09-08,0.012805054577950566
2022-09-09,0.007483366332346329
2022-09-12,-0.006593811945700483
2022-09-13,0.002071083788072881
2022-09-14,0.00297640816621188
2022-09-15,-0.0009783962785641
2022-09-16,0.004051431066182033
2022-09-19,0.019918298772850188
2022-09-20,0.0019930616724962054
2022-09-21,0.004289035562084631
2022-09-22,0.006178619968408421
2022-09-23,-0.0057728451137479524
2022-09-26,0.0028430659131365625
2022-09-27,-0.003097751039565758
2022-09-28,-0.0022843848016798583
2022-09-29,0.005214700983453547
2022-09-30,-0.00256027172792423
2022-10-03,0.00040183720892092694
2022-10-04,0.0024394460970032818
2022-10-05,-0.002059970133276058
2022-10-06,-0.0018157032802993463
2022-10-07,0.0028124173529024063
2022-10-10,-0.000535637298561127
2022-10-11,-0.002275522052034115
2022-10-12,0.001102663475699859
2022-10-13,-0.0005221249298111344
2022-10-14,0.004590446086428803
2022-10-17,-0.003286234981448921
2022-10-18,0.007087668345945774
2022-10-19,0.017645657838533124
2022-10-20,-0.014891497476099832
2022-10-21,-0.00046533114203594446
2022-10-24,0.000714034108470922
2022-10-25,-0.005703207491565013
2022-10-26,0.0033657350274705136
2022-10-27,-0.00815026297682476
2022-10-28,0.001651872790505166
2022-10-31,0.002379222770456015
2022-11-01,0.0027521750931473786
2022-11-02,0.0032583968335019374
2022-11-03,-0.0018362813072905822
2022-11-04,-0.0020671772865235383
2022-11-07,-0.0006821257294107733
2022-11-08,0.0010376059684601025
2022-11-09,-0.0023231031032117325
2022-11-10,-0.0007750465971497673
2022-11-11,-0.005477034501486561
2022-11-14,-0.003833105839365303
2022-11-15,-0.0003546814530113135
2022-11-16,-0.00021413045854675166
2022-11-17,0.006666222705036308
2022-11-18,0.002260120826763458
2022-11-21,0.0027159612766030693
2022-11-22,-0.0010303155259881978
2022-11-23,0.002512247810108446
2022-11-24,-0.0024329876218310096
2022-11-25,-0.0017343346806662613
2022-11-28,-0.0007699773709824876
2022-11-29,-0.0006248704266641108
2022-11-30,-0.005830988074070717
2022-12-01,-0.0018624689000075658
2022-12-02,0.005239168750362988
2022-12-05,0.0013655037137288552
2022-12-06,0.00168716365360572
2022-12-07,0.005637464501916526
2022-12-08,0.0013032571691861082
2022-12-09,-0.0021835288289664178
2022-12-12,-0.0031274592189153728
2022-12-13,0.002164700157510772
2022-12-14,-0.0018738086151358236
2022-12-15,0.004318060854894317
2022-12-16,-0.0006741978831112379
2022-12-19,0.0043927592049928695
2022-12-20,-0.0004035633605962792
2022-12-21,0.0025165487209460914
2022-12-22,0.0011061637901244106
2022-12-23,0.0011836946999891004
2022-12-26,-0.0002824795475314945
2022-12-27,-0.0013227414632173973
2022-12-28,-0.002787140853611328
2022-12-29,-0.0006783292669358676
2022-12-30,-0.001052561840684977
2023-01-02,0.0003942423474220686
2023-01-03,-0.0001505468611083336
2023-01-04,-0.00031227178448432064
2023-01-05,0.0023004915171566977
2023-01-06,-0.002299685584909543
2023-01-09,0.0007572626333027842
2023-01-10,0.001517140859268214
2023-01-11,0.004501802308089022
2023-01-12,-4.7476439067853273e-05
2023-01-13,-0.002949212956502443
2023-01-16,-0.002024904175508645
2023-01-17,0.0015460055064655306
2023-01-18,-0.0006596115987866739
2023-01-19,0.0012817076431703954
2023-01-20,0.00035034372511525476
2023-01-23,-0.004674900591547624
2023-01-24,0.0006973467844530509
2023-01-25,-0.00035883124419905637
2023-01-26,6.943186070040375e-05
2023-01-27,0.0028769923607004713
2023-01-30,0.0024630812391912386
2023-01-31,-0.0011411802454133501
2023-02-01,-0.0016965897929071931
2023-02-02,-0.00026815988210657704
2023-02-03,-0.0006642576664350301
2023-02-06,0.0023329835272290923
2023-02-07,0.0023366272728108997
2023-02-08,0.0018504630318628892
2023-02-09,0.001556641902566983
2023-02-10,-0.004542941610934064
2023-02-13,-0.0021446576207906683
2023-02-14,-0.0012030829669310076
2023-02-15,0.0017336731199040422
2023-02-16,-0.00413335662497007
2023-02-17,0.00037311377611834104
2023-02-20,-0.0025123176072757453
2023-02-21,-0.002961083805077738
2023-02-22,0.0010950869809569351
2023-02-23,-0.0004832471121166337
2023-02-24,0.0007435159471126456
2023-02-27,-0.0022314488951365157
2023-02-28,0.002892216251986157
2023-03-01,0.00079568520174877
2023-03-02,5.806492872373597e-05
2023-03-03,-0.0013346513175866025
2023-03-06,-0.0020323954383455883
2023-03-07,-0.0003342814979657142
2023-03-08,-0.004261546551812429
2023-03-09,0.0021655325290816487
2023-03-10,-0.0019174832061997528
2023-03-13,0.0012684809713376147
2023-03-14,-0.001134080289295545
2023-03-15,0.00030009277099700936
2023-03-16,0.003102627846695351
2023-03-17,0.002916829335227521
2023-03-20,-0.0017908748149755953
2023-03-21,0.001009443339994077
2023-03-22,-0.00108023113791744
2023-03-23,0.0002446604488750819
2023-03-24,0.0004637382514587531
2023-03-27,0.0024826876380742834
2023-03-28,-0.0022903787182294577
2023-03-29,-0.0006757466530612922
2023-03-30,0.0010129394991138865
2023-03-31,-0.001010040804194567
2023-04-03,0.0006306408980020564
2023-04-04,-0.00557493145352168
2023-04-05,-0.007699026128880914
2023-04-06,0.005048785010735322
2023-04-07,0.007943170125373211
2023-04-10,-0.009907103591592182
2023-04-11,0.005155888973273549
2023-04-12,0.0028679660566611857
2023-04-13,0.0031902793785113345
2023-04-14,-0.002829156279975986
2023-04-17,-0.0025884660298274528
2023-04-18,0.008982897107319587
2023-04-19,-0.005832124301687013
2023-04-20,-0.0020382505775149726
2023-04-21,-0.007066338963283847
2023-04-24,0.0014016287083966402
2023-04-25,0.0007497133895065363
2023-04-26,0.008621121399462361
2023-04-27,-0.003975688809920684
2023-04-28,0.003399783424879077
2023-05-01,0.003837907596654648
2023-05-02,-0.011666876240219632
2023-05-03,0.005398685339344629
2023-05-04,-0.007595722364132654
2023-05-05,-0.01338555116679421
2023-05-08,-0.004916197448579256
2023-05-09,0.009453897630835525
2023-05-10,0.023226295400657404
2023-05-11,-0.010768052035269475
2023-05-12,-0.001052690477162913
2023-05-15,0.0026570310528863327
2023-05-16,-0.0051484159132674755
2023-05-17,0.00717921861937598
2023-05-18,0.0022683314853254597
2023-05-19,-0.00036118389342130845
2023-05-22,0.003945966753862329
2023-05-23,-0.0005317244665069275
2023-05-24,-0.0067711099726877
2023-05-25,-4.839811230681213e-05
2023-05-26,-0.005082173003355698
2023-05-29,-0.006312161714759169
2023-05-30,0.0012481686060116359
2023-05-31,0.01299994908057523
2023-06-01,0.005979073817223884
2023-06-02,-0.005573902174855703
2023-06-05,0.018202243334082855
2023-06-06,0.006093114683067551
2023-06-07,-0.0018328637308568999
2023-06-08,-0.0059827315749483335
2023-06-09,0.002727493296232723
2023-06-12,0.0018504485435324155
2023-06-13,0.0017398844949236057
2023-06-14,-0.0041156612228749525
2023-06-15,0.0013635579524577278
2023-06-16,-0.0035571685078747035
2023-06-19,0.004027021064688954
2023-06-20,0.0018239326852001838
2023-06-21,-0.0030557524917000935
2023-06-22,0.0002406970435739745
2023-06-23,-0.004497358822210437
2023-06-26,0.0015949237238420282
2023-06-27,-0.002228805772553191
2023-06-28,-0.0014162366491662901
2023-06-29,-0.0025821428080644786
2023-06-30,0.0006446347861214742
