date,ls_ret
2009-01-19,-0.004575936399033148
2009-01-20,0.002654124721166805
2009-01-21,-0.0007271954356151781
2009-01-22,2.609094465994726e-05
2009-01-23,0.003643783365339134
2009-01-26,-0.0012690014568419003
2009-01-27,-0.0015157012592924362
2009-01-28,0.003419218731445748
2009-01-29,0.00368352465889114
2009-01-30,0.001039974827109885
2009-02-02,0.0016438190649570095
2009-02-03,-0.004426963384819997
2009-02-04,-0.004008192004960228
2009-02-05,0.0041613449438938355
2009-02-06,0.0022579408886448144
2009-02-09,0.0025720025028830285
2009-02-10,0.0020006237528264444
2009-02-11,-0.0003284705438509061
2009-02-12,-0.0006043092165892569
2009-02-13,0.0005182766030691378
2009-02-16,-0.002592278923958671
2009-02-17,-0.0005856125705785689
2009-02-18,-0.0035314839360349754
2009-02-19,-0.0019749878303524033
2009-02-20,-0.004335183953328708
2009-02-23,-0.0017170146943345775
2009-02-24,-0.0008203231477225876
2009-02-25,0.005096529691567306
2009-02-26,-0.0032025236028771185
2009-02-27,-0.014450973411732855
2009-03-02,0.0013119127337450536
2009-03-03,-0.0016817432778589692
2009-03-04,0.0022267561744496534
2009-03-05,0.002808447389674321
2009-03-06,-0.00867527705390823
2009-03-09,0.0020350902168284066
2009-03-10,0.0026455148729509605
2009-03-11,0.007640796450141905
2009-03-12,0.002057754441435558
2009-03-13,0.007094705683547958
2009-03-16,-0.001228804218991907
2009-03-17,-0.007292030561823527
2009-03-18,0.002000853061856698
2009-03-19,0.008686542305624653
2009-03-20,0.0014866589760137421
2009-03-23,0.0017657823703849992
2009-03-24,-0.00033613864091968336
2009-03-25,0.001131399817179727
2009-03-26,0.0004306295691027598
2009-03-27,-0.0019304601251716445
2009-03-30,0.00013954366061307445
2009-03-31,-0.00018531413243792695
2009-04-01,0.001097526287103343
2009-04-02,-0.0001324295270975094
2009-04-03,-0.0038158390724469093
2009-04-06,0.00308858238309474
2009-04-07,-0.004774904457667635
2009-04-08,-0.0015020705662048667
2009-04-09,0.005435727519782084
2009-04-10,-2.6060080195755043e-05
2009-04-13,0.0008433111644351749
2009-04-14,0.0007314405828598013
2009-04-15,-0.001233434064192792
2009-04-16,0.0017830327143428023
2009-04-17,-0.0004738021059110058
2009-04-20,-0.002772521942315473
2009-04-21,-0.00378652771519727
2009-04-22,0.002328048624592997
2009-04-23,0.002599244552898009
2009-04-24,0.0005024345710310288
2009-04-27,5.084459343596744e-05
2009-04-28,-0.0010874867463624878
2009-04-29,0.002919633718705083
2009-04-30,0.003387760888977084
2009-05-01,-0.0010522477657393453
2009-05-04,-0.000629136012673812
2009-05-05,0.008467905567996148
2009-05-06,0.0011558747167694518
2009-05-07,0.006947407038588586
2009-05-08,0.0028332802404845304
2009-05-11,0.0023024581961281036
2009-05-12,-0.0044915208849569
2009-05-13,0.004442598071139954
2009-05-14,0.00035020262561493137
2009-05-15,0.002434150467980573
2009-05-18,0.001234685941586976
2009-05-19,0.00027468879892436366
2009-05-20,-0.0012894878613748683
2009-05-21,0.005725277326165099
2009-05-22,-0.00029659855933745084
2009-05-25,0.0008478244900955575
2009-05-26,0.0037946668886845274
2009-05-27,0.0010624305500652354
2009-05-28,-0.003996955328142416
2009-05-29,-0.0044443095385591
2009-06-01,0.002378492645971818
2009-06-02,0.0016014922551181386
2009-06-03,-0.0005308779161338005
2009-06-04,-0.0017999030439490972
2009-06-05,-0.0014760673052793855
2009-06-08,-0.0008557474365688731
2009-06-09,-0.00018003672103815774
2009-06-10,0.0017446295109072064
2009-06-11,-0.0017395468240175701
2009-06-12,-0.0007264799809994645
2009-06-15,-0.0013635688091272907
2009-06-16,0.002393222212040237
2009-06-17,0.0008759701032217981
2009-06-18,0.002288896321716581
2009-06-19,-0.0029322004115450518
2009-06-22,-0.0012248205723306316
2009-06-23,0.006642718277714202
2009-06-24,-0.0002494301598877525
2009-06-25,-8.737988637978766e-05
2009-06-26,1.3418818408878277e-06
2009-06-29,0.006480051641111458
2009-06-30,0.0001730429412592589
2009-07-01,0.0017827237313879068
2009-07-02,0.0004011831722550499
2009-07-03,0.0028789174541830383
2009-07-06,0.0008036686272662561
2009-07-07,0.002048092630971876
2009-07-08,0.0005743740666410879
2009-07-09,-0.0009760791332740389
2009-07-10,-0.0016084877434443057
2009-07-13,-0.002085763354269611
2009-07-14,0.00507721914585892
2009-07-15,0.003905771734421225
2009-07-16,-0.005570440714537342
2009-07-17,-0.00159884208343972
2009-07-20,0.0041867921513218526
2009-07-21,-0.003780826207056878
2009-07-22,-0.0018207769639811788
2009-07-23,-0.0038345505909388464
2009-07-24,0.00037663371901687243
2009-07-27,0.0023401846224129206
2009-07-28,0.0005816360274364385
2009-07-29,0.006143036428976919
2009-07-30,0.0004887601253445086
2009-07-31,0.0009046409798969261
2009-08-03,-0.0026394070517357267
2009-08-04,-0.002257988859973783
2009-08-05,0.009377741613993632
2009-08-06,-0.0009944918574108614
2009-08-07,-0.004259040095651888
2009-08-10,-0.003426407494057893
2009-08-11,0.0028158499153102794
2009-08-12,-0.0012516816015419666
2009-08-13,0.0034204999073332593
2009-08-14,0.006028100585784504
2009-08-17,0.0029946860021669987
2009-08-18,-0.002489045260742362
2009-08-19,0.005829120921925579
2009-08-20,-0.00025528765729560237
2009-08-21,0.0008718951583887775
2009-08-24,0.0005617007528734446
2009-08-25,0.0013492829736571684
2009-08-26,-0.0058863391715835685
2009-08-27,0.003582288462742907
2009-08-28,-0.0033749781395715044
2009-08-31,0.004797819427694359
2009-09-01,-0.0019506180110679464
2009-09-02,-0.002736151327641381
2009-09-03,0.0017876640274736184
2009-09-04,0.006592637173006847
2009-09-07,-0.0007347750179989791
2009-09-08,0.0020048240280645087
2009-09-09,-0.003771435190115851
2009-09-10,-0.006507089615848394
2009-09-11,-0.0041459489795001294
2009-09-14,-0.017224907266553804
2009-09-15,-0.0068237874622618724
2009-09-16,0.01317406314803185
2009-09-17,-0.015270496289988349
2009-09-18,0.005608632864402776
2009-09-21,-0.014838504046954155
2009-09-22,0.006729312079085993
2009-09-23,-0.004126654837688623
2009-09-24,0.010058526051975783
2009-09-25,0.0020579661585658398
2009-09-28,0.004713740881617983
2009-09-29,-0.0037906970019964256
2009-09-30,0.00035367287195848206
2009-10-01,-0.004492782021671294
2009-10-02,-0.000559957069581167
2009-10-05,-0.002087756791403764
2009-10-06,-0.003264787656989422
2009-10-07,-0.006332986403150588
2009-10-08,-0.008401194088012251
2009-10-09,-0.014245374664090057
2009-10-12,-0.006107781037894289
2009-10-13,0.0036440520824568105
2009-10-14,-0.009032266875619966
2009-10-15,-0.009347733606450533
2009-10-16,0.009964827996113599
2009-10-19,-0.0019720307638394267
2009-10-20,0.002546186644312788
2009-10-21,0.0042619543821936084
2009-10-22,0.0038048293815562
2009-10-23,-0.0057134278783422966
2009-10-26,-0.001809329666168018
2009-10-27,-0.01059058279822116
2009-10-28,0.014652934186405056
2009-10-29,-0.008536455933925111
2009-10-30,-0.008669741559239136
2009-11-02,-0.006525562524537006
2009-11-03,-0.008327530015210452
2009-11-04,0.010766543725650324
2009-11-05,0.014618038520567127
2009-11-06,-0.0014551698031288883
2009-11-09,-0.002765526637475594
2009-11-10,-0.004807513854390695
2009-11-11,-0.0017801596135228791
2009-11-12,-0.0022236017242227585
2009-11-13,-0.0008622957089636403
2009-11-16,0.0010920218254842264
2009-11-17,0.0013089369139629888
2009-11-18,-8.469786722181422e-06
2009-11-19,-0.0008725331065517143
2009-11-20,-0.005058372067800194
2009-11-23,0.0033193709150704694
2009-11-24,-0.001788957544389414
2009-11-25,0.0043585304079808845
2009-11-26,0.002004968955747118
2009-11-27,-0.003661172046482251
2009-11-30,-0.004656333840452793
2009-12-01,-0.0006042718483520709
2009-12-02,-0.00029607717168926226
2009-12-03,0.00319353557497076
2009-12-04,0.0004913277568397894
2009-12-07,0.0042231411431522875
2009-12-08,0.001660562359216155
2009-12-09,0.0009867396885844897
2009-12-10,0.0011580488081337059
2009-12-11,-2.693415918206092e-05
2009-12-14,0.000566026236595837
2009-12-15,-0.0049216800557729725
2009-12-16,-0.0017161316163771141
2009-12-17,0.0024330667725222872
2009-12-18,0.0018104016787083973
2009-12-21,0.0014156208595997631
2009-12-22,-0.004111088749016761
2009-12-23,-0.0013015578020382271
2009-12-24,-0.006158540863076848
2009-12-25,0.005508535073275001
2009-12-28,-0.00016842760995383648
2009-12-29,-0.001702570514902933
2009-12-30,0.003141587308605669
2009-12-31,-0.009659423652935593
2010-01-01,-0.0005473754548155662
2010-01-04,0.0021322484380895865
2010-01-05,-0.0008187128701551835
2010-01-06,0.013282723411588912
2010-01-07,0.004163758598585957
2010-01-08,-0.001486113314348338
2010-01-11,0.0024992699132829095
2010-01-12,0.0012900354242913808
2010-01-13,-0.0023250451699827895
2010-01-14,-0.0003773363254634069
2010-01-15,0.00010319330547872664
2010-01-18,0.0007439039912990387
2010-01-19,0.0012830878178930398
2010-01-20,0.0029470553874254967
2010-01-21,-0.000656738098216092
2010-01-22,-0.0039330666537452106
2010-01-25,-0.003090517617189169
2010-01-26,-0.0022427864002600726
2010-01-27,-0.004180067957383796
2010-01-28,0.002464160686648171
2010-01-29,-8.156516595667377e-05
2010-02-01,0.008398302551476193
2010-02-02,-0.002372320944467226
2010-02-03,0.002827683289482896
2010-02-04,-0.0011018501688364588
2010-02-05,-0.000250192679891471
2010-02-08,0.0021607428686849298
2010-02-09,0.0013747648373675517
2010-02-10,0.0009232658650014198
2010-02-11,-0.00018874447987335093
2010-02-12,0.0012610100435070603
2010-02-15,-0.001356691631397216
2010-02-16,-0.003066294052725518
2010-02-17,-0.0033201599106466454
2010-02-18,-0.0051595516835323966
2010-02-19,0.0016925451685301089
2010-02-22,0.005268225119121918
2010-02-23,-4.710797019829346e-05
2010-02-24,0.00223688525461183
2010-02-25,-0.00336989414757009
2010-02-26,-0.00011955157929058368
2010-03-01,-0.0007928367554196321
2010-03-02,-0.00036466939315523295
2010-03-03,3.662556760280003e-05
2010-03-04,0.005920398725571054
2010-03-05,0.0009538192923826586
2010-03-08,-0.0001449446260488093
2010-03-09,-0.0031695285520356286
2010-03-10,0.0027192659990399565
2010-03-11,0.0039206243214889875
2010-03-12,0.0015407583304986
2010-03-15,0.007089823279262398
2010-03-16,0.00326012937848112
2010-03-17,0.000149629584400499
2010-03-18,0.002416916685532256
2010-03-19,-0.002173284438400349
2010-03-22,0.003944004168536635
2010-03-23,-0.004535468113681739
2010-03-24,0.00015027343157320364
2010-03-25,-0.0019940930331181694
2010-03-26,-0.004013081216205131
2010-03-29,-0.0072626019746852705
2010-03-30,0.00023172450025660523
2010-03-31,0.003035141175312406
2010-04-01,-0.008979652561296344
2010-04-02,-0.004405650001188584
2010-04-05,0.0013901585990051819
2010-04-06,0.0011253961775699486
2010-04-07,-0.0011037679748884211
2010-04-08,-0.0010773779826156456
2010-04-09,0.008540110074644742
2010-04-12,0.009382882750865787
2010-04-13,0.005230826254285153
2010-04-14,0.0057938182411303865
2010-04-15,0.0012525137157660717
2010-04-16,-0.0011629296761441633
2010-04-19,-0.0026745818262084793
2010-04-20,-0.0007547432938331535
2010-04-21,0.003454738952003062
2010-04-22,0.00044791247938572205
2010-04-23,0.002019462935727542
2010-04-26,3.367608738756751e-05
2010-04-27,0.0010640958921935327
2010-04-28,0.0016903839619961075
2010-04-29,0.005004868416077012
2010-04-30,-0.00030145034989526
2010-05-03,-0.0005255367086079883
2010-05-04,-0.0023438766586818564
2010-05-05,0.0006223820653684037
2010-05-06,-0.0010442283818264152
2010-05-07,0.0008792056629964968
2010-05-10,-0.005207045813817902
2010-05-11,-0.003951631313308453
2010-05-12,0.00014041550490539987
2010-05-13,0.0005950501973881724
2010-05-14,-0.0007562463353997071
2010-05-17,0.0003770008683386632
2010-05-18,-0.000443786531783988
2010-05-19,0.00041461320103487916
2010-05-20,-0.00033226431563159473
2010-05-21,-0.0007651577429368646
2010-05-24,-0.00041463155936379004
2010-05-25,5.026644748616638e-05
2010-05-26,0.0005385101812839994
2010-05-27,-0.002454708412869752
2010-05-28,-0.0013996889188034574
2010-05-31,0.0012793335668283999
2010-06-01,-0.0004730808478175119
2010-06-02,-0.0012665643087622913
2010-06-03,-0.0014066534911021293
2010-06-04,0.001940483745589413
2010-06-07,0.0002791275356660355
2010-06-08,-0.001969786828446593
2010-06-09,8.745579010463076e-05
2010-06-10,0.0028676584858292236
2010-06-11,0.000594137320005469
2010-06-14,0.0017814127285859609
2010-06-15,0.007745669684789954
2010-06-16,-0.00043692328851850843
2010-06-17,-0.0011182049059279115
2010-06-18,0.00016431389781373495
2010-06-21,-0.004813621025666889
2010-06-22,0.002209315100385627
2010-06-23,0.003084154714882572
2010-06-24,0.0016947418707027734
2010-06-25,-0.0009878419482393448
2010-06-28,-0.00823273170998431
2010-06-29,0.0008015572202091717
2010-06-30,0.01090586949246079
2010-07-01,0.00471525270891872
2010-07-02,-0.0006846226978229682
2010-07-05,0.0010935701668806268
2010-07-06,0.009469590095494914
2010-07-07,-0.0017935724001925234
2010-07-08,-0.010604347267815449
2010-07-09,-0.0035688842695024755
2010-07-12,-0.0017931895883884978
2010-07-13,0.002333232280610789
2010-07-14,0.009680427589809033
2010-07-15,0.0008842016928125715
2010-07-16,-0.0007707192710854904
2010-07-19,-0.0026060941641313316
2010-07-20,0.004842612595943032
2010-07-21,-0.006441996079368411
2010-07-22,0.00197773312315573
2010-07-23,0.003922542250531739
2010-07-26,0.003680887022143764
2010-07-27,-0.00023871748308403789
2010-07-28,0.0018639445115064147
2010-07-29,0.007509227837068498
2010-07-30,-0.0033644392781365332
2010-08-02,0.002734427717969709
2010-08-03,0.0033177155975688093
2010-08-04,-0.0012990722236725536
2010-08-05,0.0035012991876917053
2010-08-06,0.00040606655792170543
2010-08-09,-0.0012534341398950447
2010-08-10,4.381936511073034e-05
2010-08-11,-0.002821977149282448
2010-08-12,-0.002522456720462212
2010-08-13,0.004170228101192285
2010-08-16,-0.0012898562794173857
2010-08-17,0.003999240978419348
2010-08-18,0.002796514834985821
2010-08-19,-0.003689214258485448
2010-08-20,-0.003528719320324507
2010-08-23,0.003204774197331752
2010-08-24,0.0011446587005125531
2010-08-25,0.0024615832886516675
2010-08-26,-0.0037762499473935514
2010-08-27,0.004170937073249509
2010-08-30,-0.0007739917532425399
2010-08-31,-0.0026019450857758504
2010-09-01,-0.0006716175057315261
2010-09-02,-0.0055764897195424955
2010-09-03,0.00155018598013519
2010-09-06,-0.0003311115661917461
2010-09-07,0.0019907885924936456
2010-09-08,-0.0004966366026238466
2010-09-09,0.0006506942508902776
2010-09-10,0.001728462314504665
2010-09-13,1.9438440710782632e-05
2010-09-14,0.0009003188387194175
2010-09-15,-0.0006722983334271201
2010-09-16,-0.000911927992981976
2010-09-17,-0.0005563800682914124
2010-09-20,0.0018998761045468356
2010-09-21,0.0028255551972861926
2010-09-22,0.0030485973351559266
2010-09-23,-0.002477808695040329
2010-09-24,-0.0014356381696897839
2010-09-27,0.00211722118063618
2010-09-28,-0.004930114104171323
2010-09-29,0.009753184990217633
2010-09-30,-0.0006171285183919926
2010-10-01,-0.004558070117781782
2010-10-04,0.00010452758235786049
2010-10-05,0.017568748361762643
2010-10-06,-0.0028005277327456104
2010-10-07,-0.00017257830796866755
2010-10-08,-0.0014840378114515714
2010-10-11,0.006722085365965401
2010-10-12,0.007397154693938269
2010-10-13,0.00532414193643632
2010-10-14,0.002336624971317939
2010-10-15,0.003003673209050633
2010-10-18,-0.0039003628620083042
2010-10-19,-0.0031134264975899465
2010-10-20,0.009689285879779453
2010-10-21,-0.0009137939205591562
2010-10-22,-0.002023591550958208
2010-10-25,-0.009131925636861837
2010-10-26,-0.00516775673819443
2010-10-27,-4.059692525427462e-06
2010-10-28,-0.013301085397377808
2010-10-29,-0.014627302507821814
2010-11-01,-0.005669955900812869
2010-11-02,0.009101618102230574
2010-11-03,0.009997813726175094
2010-11-04,0.0068556363175952695
2010-11-05,-0.0011874193289137286
2010-11-08,-0.0038348112185506832
2010-11-09,-0.018606044129130965
2010-11-10,-0.006093281060531064
2010-11-11,0.009398436945304553
2010-11-12,0.0023838071963833093
2010-11-15,-0.006069285616800953
2010-11-16,-0.004718752491738541
2010-11-17,0.005930875688468225
2010-11-18,0.0015046071138803763
2010-11-19,-0.0069614115964730825
2010-11-22,0.010928031744980866
2010-11-23,0.0006403708937609903
2010-11-24,0.0027934448424512615
2010-11-25,-0.0015401173606160632
2010-11-26,0.0023407957353009175
2010-11-29,-0.0015051142296096526
2010-11-30,-9.008103714965715e-05
2010-12-01,-0.002741818377650508
2010-12-02,-0.0026008407765431814
2010-12-03,-0.0015865383242648547
2010-12-06,0.002400583737666725
2010-12-07,0.00028123989039871046
2010-12-08,0.0012498829011047957
2010-12-09,-0.0018048173180779678
2010-12-10,0.007371178614980892
2010-12-13,0.0065787872362837695
2010-12-14,-0.00196735688809746
2010-12-15,0.004785384950747521
2010-12-16,0.009491927726780102
2010-12-17,0.003154662113090917
2010-12-20,-0.0017745968881146164
2010-12-21,-0.010072148493378442
2010-12-22,-0.0003055041803833045
2010-12-23,0.0010200893879545327
2010-12-24,-0.0015689258975690222
2010-12-27,-0.00159846343000481
2010-12-28,0.0027073301247487005
2010-12-29,0.0003778422139046338
2010-12-30,0.0001293510227730896
2010-12-31,-0.0007209361046436602
2011-01-03,-0.0021453594850385648
2011-01-04,-0.0015481212633649218
2011-01-05,-0.0011811417396071725
2011-01-06,-0.0016297978661156953
2011-01-07,-0.0013833826906294207
2011-01-10,-0.007076380233611207
2011-01-11,0.0017984868365157791
2011-01-12,-0.022707385255787867
2011-01-13,-0.003315752055989477
2011-01-14,-0.045972935759178345
2011-01-17,0.01953192575287131
2011-01-18,0.013619526846199916
2011-01-19,-0.010446382834326976
2011-01-20,-0.004311339868933299
2011-01-21,-0.010594546071326955
2011-01-24,0.0009324603242508341
2011-01-25,-0.005744709941382267
2011-01-26,-0.0066156838515074815
2011-01-27,-0.0040259663780597135
2011-01-28,0.00594894884483483
2011-01-31,-0.020236068031385758
2011-02-01,-0.01605137970469641
2011-02-02,-0.010618470917316145
2011-02-03,-0.006635029337933194
2011-02-04,0.0018153435968291556
2011-02-07,-0.0007336527790701632
2011-02-08,-0.0038389529748823568
2011-02-09,0.0007858339988271774
2011-02-10,0.005346402400586122
2011-02-11,0.005459838391269844
2011-02-14,0.005406178060550654
2011-02-15,0.0020188454939051815
2011-02-16,0.0008053147611722963
2011-02-17,-0.002133614525480585
2011-02-18,-0.001635718494400717
2011-02-21,0.0012904323308373928
2011-02-22,-0.007274242116181584
2011-02-23,0.0016638307940077988
2011-02-24,0.0018134353177939027
2011-02-25,-0.002361888210206568
2011-02-28,0.008006330531518717
2011-03-01,0.0023827244115027426
2011-03-02,-0.0021554415044075332
2011-03-03,0.0026176338322118856
2011-03-04,0.0034210359877638614
2011-03-07,0.002552873730650298
2011-03-08,0.0007554408531690888
2011-03-09,0.0009904669383124266
2011-03-10,-0.00017086700501696243
2011-03-11,-0.0004267027161810894
2011-03-14,0.0021966887665243896
2011-03-15,0.001851874130124177
2011-03-16,0.0008509661180353344
2011-03-17,0.0025980356152297077
2011-03-18,0.00033706163820850475
2011-03-21,-0.0019820347056178113
2011-03-22,7.700234412995203e-05
2011-03-23,0.0021108060552111133
2011-03-24,0.0023281007993863276
2011-03-25,0.001838023575420965
2011-03-28,0.0014348102111492386
2011-03-29,-0.0006141790897872352
2011-03-30,-0.00023340670519321222
2011-03-31,-0.0019626362971343807
2011-04-01,-0.0009248687234360213
2011-04-04,0.002578479739788064
2011-04-05,0.0012895456602496826
2011-04-06,-0.0008667364088532463
2011-04-07,0.004851554804515504
2011-04-08,-3.833913745823064e-05
2011-04-11,-0.0009005695221962562
2011-04-12,-0.0016423293508299832
2011-04-13,0.0028429045004763013
2011-04-14,0.0005746457663809912
2011-04-15,0.004552338466121334
2011-04-18,0.002426314437638081
2011-04-19,0.0005076063505073929
2011-04-20,-0.0003676157964531651
2011-04-21,-0.006696218292874499
2011-04-22,-0.005443923647422206
2011-04-25,0.014936754944507132
2011-04-26,-0.00040070399197259573
2011-04-27,0.0044698342000321165
2011-04-28,0.002610000561675236
2011-04-29,-0.002454156744249328
2011-05-02,0.010353220442524617
2011-05-03,-0.001225097560941376
2011-05-04,-0.003991115514125691
2011-05-05,0.004796740344877492
2011-05-06,-0.006110954588471109
2011-05-09,0.0034837615093856276
2011-05-10,0.00142082911868316
2011-05-11,0.0005329103657747448
2011-05-12,0.006799857441928044
2011-05-13,0.0037111891114810155
2011-05-16,6.686743114162237e-05
2011-05-17,0.023232205855567754
2011-05-18,0.0046957749964237905
2011-05-19,-0.002356990386205681
2011-05-20,0.0017625145334538021
2011-05-23,-0.0008932642067754912
2011-05-24,0.0005606195999836279
2011-05-25,0.0024521858670883442
2011-05-26,-0.004735741950890775
2011-05-27,0.0032020577777654696
2011-05-30,0.0070543834556134125
2011-05-31,-0.003851948256126704
2011-06-01,0.001442109875967758
2011-06-02,0.0004757685396255876
2011-06-03,0.004039055798043721
2011-06-06,-0.001810547172634724
2011-06-07,0.0016813255953649058
2011-06-08,-0.00018532684274938501
2011-06-09,-0.0004926731983572723
2011-06-10,0.0008278451228066605
2011-06-13,0.0002822001373342705
2011-06-14,-0.00014151602244515116
2011-06-15,0.003334340454334419
2011-06-16,0.005482488248047913
2011-06-17,-0.002126038449836283
2011-06-20,-0.003901848940048064
2011-06-21,-0.0009503952780116343
2011-06-22,0.0031012627643525687
2011-06-23,-0.0021550784751393284
2011-06-24,0.0025096570396190327
2011-06-27,0.00045434765777258154
2011-06-28,0.0009537061026498758
2011-06-29,0.009777265322284205
2011-06-30,0.0032164068478866496
2011-07-01,0.001466988395861039
2011-07-04,-0.000646356762648449
2011-07-05,-0.0007632088711852238
2011-07-06,-0.00014638863090119057
2011-07-07,0.0010510437128790889
2011-07-08,0.00014051191554709241
2011-07-11,0.0015280705057976653
2011-07-12,0.0025129352109947633
2011-07-13,0.00036702250886967984
2011-07-14,-0.0008363325049049516
2011-07-15,-0.0009146077345799255
2011-07-18,-0.006710634269866237
2011-07-19,-0.006379913765146618
2011-07-20,-0.002610376143003166
2011-07-21,0.00602067573514205
2011-07-22,-0.00015246310414642437
2011-07-25,-0.0022491923841608053
2011-07-26,0.008502758201718957
2011-07-27,0.00689116957577065
2011-07-28,0.0030338031464226985
2011-07-29,-7.454566395911737e-05
2011-08-01,0.00036674663152460284
2011-08-02,-0.017844427557266875
2011-08-03,0.012151271081611275
2011-08-04,0.0038747830110002195
2011-08-05,-0.0011167279844872973
2011-08-08,-0.0001181876729666586
2011-08-09,0.010768847484336083
2011-08-10,-0.012647813694297828
2011-08-11,-0.004853061354330902
2011-08-12,-0.01695088381540725
2011-08-15,0.00992731704403943
2011-08-16,0.0034528852472816953
2011-08-17,-0.0079926722557058
2011-08-18,-0.004882684711007409
2011-08-19,-3.368725694284506e-05
2011-08-22,-0.0031110021851921384
2011-08-23,-0.005318326763847234
2011-08-24,0.010973332018581878
2011-08-25,0.0026664560039385784
2011-08-26,0.0038232407124131466
2011-08-29,-0.0024087932411803875
2011-08-30,0.005075075389700688
2011-08-31,0.0001398125323197495
2011-09-01,0.00037711973699276985
2011-09-02,0.004903622775740848
2011-09-05,-0.00410257512923516
2011-09-06,0.007363313822837409
2011-09-07,0.0025127665382678596
2011-09-08,0.008387934982743366
2011-09-09,-0.00386084068571811
2011-09-12,-0.002427996500297144
2011-09-13,-0.00012464538014063907
2011-09-14,0.0012897451759749017
2011-09-15,-0.0002364638258416879
2011-09-16,-0.0007204952374591077
2011-09-19,0.0016908843734622777
2011-09-20,0.0001881222727906414
2011-09-21,0.0010961769685171546
2011-09-22,0.0006196849431303214
2011-09-23,-0.0016177617882178206
2011-09-26,0.013652352800090198
2011-09-27,0.00012932989027320506
2011-09-28,0.004577836281555298
2011-09-29,0.004056803086161362
2011-09-30,0.0028814284892518297
2011-10-03,0.0014275160978264618
2011-10-04,0.0010980075667026412
2011-10-05,0.0040852781797863814
2011-10-06,-0.0007496082126419099
2011-10-07,0.0012746038017166748
2011-10-10,0.0012453400131640646
2011-10-11,-0.0016799613287830856
2011-10-12,-0.000474317631585462
2011-10-13,0.0008898096123033192
2011-10-14,-0.0008881962860307932
2011-10-17,5.110524423821913e-05
2011-10-18,0.0018772452241183138
2011-10-19,0.0017617541716295222
2011-10-20,-0.004536256147732625
2011-10-21,0.004964268751260952
2011-10-24,0.002314529004033579
2011-10-25,0.004440340095191965
2011-10-26,-0.00014983623515422463
2011-10-27,-0.00041654260678631585
2011-10-28,-0.00031934875941563856
2011-10-31,0.00022715182422772663
2011-11-01,0.00017070174472292622
2011-11-02,0.00023584557867238696
2011-11-03,0.0010153653930340713
2011-11-04,0.0009389831936016408
2011-11-07,-0.0010351620280977247
2011-11-08,0.0053954179235238195
2011-11-09,-0.0013285522343257326
2011-11-10,-0.0010870073734712466
2011-11-11,-0.0026875331987655463
2011-11-14,0.0032981703017165975
2011-11-15,0.00272224563282135
2011-11-16,-0.0005439303793283922
2011-11-17,-0.005011380563493357
2011-11-18,-0.0005873765088928086
2011-11-21,-0.002292620921789967
2011-11-22,0.0007266769713116137
2011-11-23,-0.0012917895254123627
2011-11-24,0.002446127967632571
2011-11-25,-0.0025793202570217506
2011-11-28,0.006513538592906869
2011-11-29,0.000499393613218155
2011-11-30,-0.00018912227852756463
2011-12-01,0.0014500275571429696
2011-12-02,-0.0006984196034916651
2011-12-05,0.0018000972724207857
2011-12-06,0.0012675731556389168
2011-12-07,-0.0011061273165086545
2011-12-08,0.0008317257337862385
2011-12-09,-0.0008983085397464311
2011-12-12,-0.0013482950904823957
2011-12-13,0.0008625571513648932
2011-12-14,0.003021197778999303
2011-12-15,0.0013748955745329907
2011-12-16,0.0011809686520246714
2011-12-19,0.0025990733575820464
2011-12-20,-0.0026795097750431287
2011-12-21,-0.0014837615743927392
2011-12-22,0.0010176035096635574
2011-12-23,-0.0021655318285093835
2011-12-26,-0.008988824790905035
2011-12-27,0.0026182441651456095
2011-12-28,-0.0022155476621662437
2011-12-29,0.0024564650181214814
2011-12-30,-0.007988755725394148
2012-01-02,-0.0058133400378006595
2012-01-03,0.001258952630029033
2012-01-04,-0.005885380375074469
2012-01-05,0.00036518388502186075
2012-01-06,0.012160107403987793
2012-01-09,-0.005778079998041601
2012-01-10,-0.0034893841877345682
2012-01-11,-0.003266320092816517
2012-01-12,-0.000632076602901302
2012-01-13,-0.0005905966683266393
2012-01-16,-0.002145947516968198
2012-01-17,0.004252823646805451
2012-01-18,0.01199819430797017
2012-01-19,-0.006158092561065262
2012-01-20,0.006654220961316368
2012-01-23,2.1803897343484167e-05
2012-01-24,0.0001950945252188153
2012-01-25,-0.0027477784378411637
2012-01-26,0.0030531622240531067
2012-01-27,0.002595799263690075
2012-01-30,0.0018707819851676412
2012-01-31,0.00011307631113978639
2012-02-01,0.001294269425156501
2012-02-02,0.0005322072565313875
2012-02-03,-0.001795776432004688
2012-02-06,0.0009442009607733017
2012-02-07,-0.00015962322744216342
2012-02-08,-0.0024857686022502767
2012-02-09,0.00416273583074454
2012-02-10,-9.186752461794526e-05
2012-02-13,0.0039039236047183536
2012-02-14,-0.0018288574812087722
2012-02-15,0.021842987177727778
2012-02-16,0.008270701483417716
2012-02-17,-0.0008800954568422455
2012-02-20,-0.004952905518607432
2012-02-21,0.009136088365123368
2012-02-22,0.001524703185756004
2012-02-23,-0.005429630183455457
2012-02-24,0.01237166209400611
2012-02-27,-0.0027187456257464597
2012-02-28,0.00011984895633525001
2012-02-29,0.0011280757605102443
2012-03-01,0.0029019854432575255
2012-03-02,-0.00019279407142191942
2012-03-05,0.0015831707561598106
2012-03-06,0.0004472808735580397
2012-03-07,0.0006388619234076664
2012-03-08,-0.0007177408992920867
2012-03-09,0.0006011523872677249
2012-03-12,-0.00034581480906818745
2012-03-13,-0.0006112647783917263
2012-03-14,0.0011809304486454317
2012-03-15,-0.001094301886943298
2012-03-16,0.0020654289589608944
2012-03-19,-0.00025663085503666635
2012-03-20,0.0015921527862674187
2012-03-21,-0.003563968577275898
2012-03-22,-0.0022696013951494995
2012-03-23,-0.014680020956242618
2012-03-26,0.007808735194793977
2012-03-27,-0.0015664106931114713
2012-03-28,-0.0008966938091846998
2012-03-29,0.005320467992117757
2012-03-30,0.0007268043237865871
2012-04-02,0.0036248619261871288
2012-04-03,-0.0011247226316077885
2012-04-04,-0.0032640393682086717
2012-04-05,0.0006805939029158807
2012-04-06,0.010693032442153683
2012-04-09,0.006482443835248322
2012-04-10,-0.00488194190838921
2012-04-11,1.6925788700482302e-05
2012-04-12,0.010549597943142943
2012-04-13,-0.002229542636350057
2012-04-16,-0.0014357351498687806
2012-04-17,0.0012593484142593356
2012-04-18,-0.004598395929946705
2012-04-19,0.0012166996456481538
2012-04-20,0.0008480190904282107
2012-04-23,0.00028984429226501995
2012-04-24,0.007563689754313903
2012-04-25,0.0026684663736608015
2012-04-26,-0.0003738023280767909
2012-04-27,-0.0005405323567654104
2012-04-30,-0.0034199473103898835
2012-05-01,0.004011676744177426
2012-05-02,-0.0027895084814931956
2012-05-03,0.002283099105421308
2012-05-04,-0.0018747091129470957
2012-05-07,0.0017180838904513407
2012-05-08,0.0007197858093390113
2012-05-09,0.00022167495578720312
2012-05-10,0.01115663233230254
2012-05-11,0.0008933411247868577
2012-05-14,-0.00025200570619320767
2012-05-15,-0.0001673952357555495
2012-05-16,-0.0017368438756223646
2012-05-17,-0.0026667524605098088
2012-05-18,0.0005397878965515053
2012-05-21,-0.0015686194652934282
2012-05-22,-0.004521382577283426
2012-05-23,-0.004231337446221269
2012-05-24,0.002066553322308683
2012-05-25,0.006917529201584987
2012-05-28,0.0005649572096480073
2012-05-29,0.0021329686664144773
2012-05-30,-0.0009463248751424925
2012-05-31,0.0012743782234495207
2012-06-01,-0.0002714306480134911
2012-06-04,0.0009607270054537691
2012-06-05,-0.00023503551395683627
2012-06-06,0.0012004030683353773
2012-06-07,-0.002589374082865434
2012-06-08,-0.001507335756295065
2012-06-11,0.008625393659936375
2012-06-12,0.0031553531228120063
2012-06-13,-0.0025236297418701793
2012-06-14,-0.0034741748400139577
2012-06-15,-0.0018372262722174747
2012-06-18,-0.0016621039834041815
2012-06-19,-0.0017925299634040381
2012-06-20,-0.0014394210603886981
2012-06-21,0.0011213786645661219
2012-06-22,0.0005446052055125116
2012-06-25,-0.007396689714002555
2012-06-26,-0.009472116134260888
2012-06-27,-0.005168468012414266
2012-06-28,-0.00018289467951365895
2012-06-29,0.0009103449346362009
2012-07-02,-0.003446984790722198
2012-07-03,-0.0018871480155825664
2012-07-04,-0.0005770547201790306
2012-07-05,0.01552744262330805
2012-07-06,-0.014055944610533413
2012-07-09,0.018183520796717187
2012-07-10,0.0007410481617888399
2012-07-11,-8.920454929425272e-05
2012-07-12,-0.007862667853179694
2012-07-13,0.0007694169018802295
2012-07-16,0.003899875799694059
2012-07-17,0.0029626215060648163
2012-07-18,-0.00344583779667431
2012-07-19,0.008957677690943484
2012-07-20,0.0015017041338788078
2012-07-23,-0.0023474213664818645
2012-07-24,-0.002901408735183543
2012-07-25,-0.0008966306182865355
2012-07-26,0.00026054200421703953
2012-07-27,0.0023173272680437297
2012-07-30,0.001058650275644269
2012-07-31,-0.00041780456026617105
2012-08-01,0.00014334401167066845
2012-08-02,0.00105355202798344
2012-08-03,-0.0008639958126834329
2012-08-06,0.004401212399963848
2012-08-07,0.0010774123467805052
2012-08-08,0.006377699382817714
2012-08-09,0.0015344805859530668
2012-08-10,0.0009230891071586953
2012-08-13,-0.004833112041739972
2012-08-14,0.0020123746975670856
2012-08-15,-0.002918904292382031
2012-08-16,-0.004660459608066193
2012-08-17,-0.0033767628923239788
2012-08-20,-0.002551134503492287
2012-08-21,0.0006346078860389689
2012-08-22,0.01188634155398139
2012-08-23,-0.004633116615287223
2012-08-24,0.0036883856329474086
2012-08-27,0.0019187064643107195
2012-08-28,0.002246621580152494
2012-08-29,-0.0035877443060304964
2012-08-30,0.001044397540715325
2012-08-31,-0.0023608487304974278
2012-09-03,0.0021707991748915138
2012-09-04,-0.0017177111897598782
2012-09-05,-0.006613589046553058
2012-09-06,0.006930443260193427
2012-09-07,0.0014569879144517828
2012-09-10,-0.0015462416965572432
2012-09-11,0.00038332856696947945
2012-09-12,-0.0012057657172035044
2012-09-13,-0.002060435856809808
2012-09-14,0.0008459557990048389
2012-09-17,0.0011909879057989872
2012-09-18,0.0005603057441760711
2012-09-19,-0.0015908769472173373
2012-09-20,0.00028736421907286556
2012-09-21,0.002003131625283482
2012-09-24,0.00024018947935866737
2012-09-25,0.008559673197590469
2012-09-26,0.0010302140801231562
2012-09-27,0.0031536372691692485
2012-09-28,-0.0004313399362236214
2012-10-01,-0.002897035872399159
2012-10-02,0.0011540242480344463
2012-10-03,0.007696591730733726
2012-10-04,0.0014219593282445982
2012-10-05,0.0015627651823830451
2012-10-08,0.004051968800465606
2012-10-09,0.004103452938900902
2012-10-10,-0.00535964072221572
2012-10-11,-0.004212613873469034
2012-10-12,-0.006613542400838666
2012-10-15,0.007210472925162543
2012-10-16,0.005160785054716684
2012-10-17,-0.0006834459932007712
2012-10-18,-0.0007739476703639024
2012-10-19,0.001305147085882574
2012-10-22,0.004600272634644466
2012-10-23,0.0003179028541106764
2012-10-24,0.00021275668400107424
2012-10-25,0.0011491157262686286
2012-10-26,-0.0002440232771341016
2012-10-29,0.00052508323715187
2012-10-30,-0.0009911293736602602
2012-10-31,0.003268430741435592
2012-11-01,0.0003770531906776356
2012-11-02,-0.00031845749690345877
2012-11-05,0.0025466519742637843
2012-11-06,-0.00020739490309812792
2012-11-07,0.0004415519563024544
2012-11-08,0.0019742245789019586
2012-11-09,0.0001630534809331964
2012-11-12,0.00311885972007353
2012-11-13,0.0016442979060381736
2012-11-14,0.001931715486103166
2012-11-15,0.002299007074083212
2012-11-16,-0.0023242967327983324
2012-11-19,0.0027793893410598316
2012-11-20,0.0017868976151215951
2012-11-21,-0.0014245341283713126
2012-11-22,0.0020998047533788157
2012-11-23,0.0009812873916388598
2012-11-26,-0.0010100017163694576
2012-11-27,-0.0018486178703194679
2012-11-28,-0.0008146706311476823
2012-11-29,0.0008432470012800157
2012-11-30,-0.0017986234256601574
2012-12-03,0.0023637736918258514
2012-12-04,0.0016483800943356882
2012-12-05,-0.015836231594802613
2012-12-06,-0.008217296586075937
2012-12-07,0.006689599307222019
2012-12-10,-0.005062338038839023
2012-12-11,0.0018439199584970214
2012-12-12,0.03305665634041636
2012-12-13,0.0027014536496038216
2012-12-14,0.00019392186857626094
2012-12-17,0.0006386652772686317
2012-12-18,0.0050288572269166325
2012-12-19,0.0016290522913157968
2012-12-20,0.001631749146372789
2012-12-21,0.0014145861559537627
2012-12-24,0.005619560352392541
2012-12-25,0.005771891580120541
2012-12-26,0.0010434942528366785
2012-12-27,0.004427999562462997
2012-12-28,0.01691227831116715
2012-12-31,0.0016931672016434647
2013-01-01,-0.00012381504221890458
2013-01-02,0.001386265741011516
2013-01-03,-0.003229612671187526
2013-01-04,0.0039033112642469538
2013-01-07,0.0038236427850854796
2013-01-08,0.0008018750409714933
2013-01-09,-0.001421070141003399
2013-01-10,-0.0005901564296110289
2013-01-11,-0.0003545477183531983
2013-01-14,-0.0023418973272878486
2013-01-15,-0.001126322542620668
2013-01-16,0.0009471154259670564
2013-01-17,0.0007421700310473447
2013-01-18,-0.0022390867769540024
2013-01-21,-0.003060798443460554
2013-01-22,-0.0031130827275500286
2013-01-23,0.0005950810228013857
2013-01-24,0.0005430812618871443
2013-01-25,0.0012376146449147168
2013-01-28,0.000432595686025777
2013-01-29,0.003653152992828663
2013-01-30,0.0001343045553693252
2013-01-31,0.0004245115015558587
2013-02-01,0.002345804699123915
2013-02-04,0.0026504384125548702
2013-02-05,0.0006921258875963866
2013-02-06,0.0005733681854076351
2013-02-07,0.0060670385609635745
2013-02-08,-0.0015598416283809954
2013-02-11,-0.002357374566949101
2013-02-12,-0.0010261310172378444
2013-02-13,-0.006094042511619817
2013-02-14,0.005097083599492696
2013-02-15,-0.002252713730135256
2013-02-18,0.005546212262072209
2013-02-19,-0.007192536940827967
2013-02-20,-0.002525194924172234
2013-02-21,0.016630919064125727
2013-02-22,0.0029080833015364257
2013-02-25,-0.004396089826457343
2013-02-26,0.0002817986794284612
2013-02-27,-0.0030622479658552106
2013-02-28,0.0026477352836022632
2013-03-01,0.004429053497867031
2013-03-04,6.0397555662069374e-05
2013-03-05,0.0005866163686488465
2013-03-06,0.0009361547930024698
2013-03-07,-0.004149141245249684
2013-03-08,0.002829113583884101
2013-03-11,-0.0007190616836773829
2013-03-12,-0.0012549921940729833
2013-03-13,-0.00015599886020961282
2013-03-14,-0.003488419802290574
2013-03-15,0.0017946117528062483
2013-03-18,0.004915522639104218
2013-03-19,0.0009198602514066826
2013-03-20,-0.0008056648346031221
2013-03-21,-0.011978342624493387
2013-03-22,0.0035187844109416102
2013-03-25,0.001065510775263314
2013-03-26,0.0032144629493660107
2013-03-27,-0.0023458841790532977
2013-03-28,0.0013658251263588298
2013-03-29,0.00432669184205553
2013-04-01,-0.00012508366302159228
2013-04-02,-0.0027452309872633258
2013-04-03,0.002041634682506707
2013-04-04,0.001227360985033463
2013-04-05,-0.003167203944454227
2013-04-08,0.0024401552968569724
2013-04-09,-0.004946375237694362
2013-04-10,-0.0015232262271060656
2013-04-11,0.01286753408611311
2013-04-12,-0.00411200677131676
2013-04-15,0.002012259853225195
2013-04-16,-0.0009804804596744827
2013-04-17,-0.0012867329763390817
2013-04-18,0.0019281788822221788
2013-04-19,0.0020732042175801123
2013-04-22,0.00022751763781525894
2013-04-23,-0.00035275496663367983
2013-04-24,0.004765423262986138
2013-04-25,0.0005408215071122553
2013-04-26,-0.0016200970836090008
2013-04-29,-0.0019797525903726843
2013-04-30,-0.0014362030016325453
2013-05-01,0.0019815144605720048
2013-05-02,0.0018621124872254423
2013-05-03,-0.0003963210586144933
2013-05-06,0.0015865397394116184
2013-05-07,0.00046055548345851766
2013-05-08,0.0012218084403835504
2013-05-09,-0.0005361068750961541
2013-05-10,0.0009369006088299412
2013-05-13,0.002033278061078534
2013-05-14,0.0023342192454158337
2013-05-15,-0.0013876403326250671
2013-05-16,-0.00232930710257526
2013-05-17,-0.002883713053833806
2013-05-20,-0.003071525225436527
2013-05-21,-0.007319596927793753
2013-05-22,-0.002046899942326013
2013-05-23,-0.008601525589856307
2013-05-24,-0.00428648175438946
2013-05-27,0.0068545477724451884
2013-05-28,0.0014688652380132677
2013-05-29,0.0020598913768872865
2013-05-30,-0.00294921595375096
2013-05-31,-0.009444879549690793
2013-06-03,-0.004468341399737021
2013-06-04,-0.0004325162792795449
2013-06-05,0.005318942781469714
2013-06-06,0.005014173240400737
2013-06-07,0.004931908253415114
2013-06-10,-0.0038395427882822017
2013-06-11,0.0018287246661286005
2013-06-12,0.0007177822990437309
2013-06-13,-2.5788744490542678e-05
2013-06-14,0.009216380748898623
2013-06-17,-0.0069179289284891955
2013-06-18,-0.0017266955011467464
2013-06-19,0.006416124338126515
2013-06-20,-0.0014336488356506485
2013-06-21,-0.0012665331424762723
2013-06-24,0.001503252744548713
2013-06-25,-4.239995953213033e-05
2013-06-26,-0.00031412453866047976
2013-06-27,0.002523540625519373
2013-06-28,0.0017869466303758012
2013-07-01,0.0006931385190307219
2013-07-02,-0.0014030349331173074
2013-07-03,-0.0002497907329545578
2013-07-04,0.0008058304653218284
2013-07-05,-0.0012369706201631925
2013-07-08,0.005013242134111893
2013-07-09,0.001108980931149573
2013-07-10,-0.00099776517034505
2013-07-11,0.0019623426044492365
2013-07-12,0.0011524318714018784
2013-07-15,-0.0026371840991041527
2013-07-16,-0.0050357806311430945
2013-07-17,-0.00252528374932218
2013-07-18,0.0033864760202581825
2013-07-19,0.0033904279262872406
2013-07-22,0.0024178896578881666
2013-07-23,-0.0033268973375724133
2013-07-24,-0.005002480188702595
2013-07-25,0.0017637878736595069
2013-07-26,-0.006500434409731516
2013-07-29,-0.002062235406690245
2013-07-30,0.004595033162497047
2013-07-31,0.0022267912928576467
2013-08-01,0.002415884695429963
2013-08-02,0.007586884416882229
2013-08-05,-9.773052650732979e-06
2013-08-06,0.0027451637245125456
2013-08-07,0.001957069028528935
2013-08-08,-0.0012407157176555772
2013-08-09,-0.0025511360438942483
2013-08-12,-6.162124576372663e-05
2013-08-13,-0.005803840569296448
2013-08-14,-0.002359086296504229
2013-08-15,-0.0007801067819167319
2013-08-16,0.002327461000620956
2013-08-19,0.0011599312635036893
2013-08-20,-0.00024492273084864057
2013-08-21,-0.0028418790967132245
2013-08-22,0.002374187898336564
2013-08-23,0.0003850650099009677
2013-08-26,0.001672556754513734
2013-08-27,0.0035807684833792583
2013-08-28,0.0009642363225667253
2013-08-29,-0.0001657902484803967
2013-08-30,6.403624705507947e-05
2013-09-02,-0.0027540121894776724
2013-09-03,6.706118074377703e-05
2013-09-04,0.000408833253120436
2013-09-05,0.002245693595988298
2013-09-06,0.0028041668217236035
2013-09-09,-0.0019316166076974988
2013-09-10,0.0008911350828589883
2013-09-11,0.0005193796880471398
2013-09-12,0.006556560807105467
2013-09-13,0.0005414828146681971
2013-09-16,0.0007903300973489743
2013-09-17,-0.0005222230276241075
2013-09-18,-0.0012712538803252012
2013-09-19,-0.0008584720252586371
2013-09-20,-0.001699634067785985
2013-09-23,0.005343869057372361
2013-09-24,0.0015103906631107854
2013-09-25,0.00024256588930147462
2013-09-26,-0.0007828235375895477
2013-09-27,0.0007140412019125382
2013-09-30,-0.0014918324248673117
2013-10-01,-0.0006836682828467062
2013-10-02,-0.001084568230344256
2013-10-03,0.0022227667158201446
2013-10-04,-0.005141015481263268
2013-10-07,-0.002393646247255307
2013-10-08,0.0024740193734020693
2013-10-09,0.0029364923245331553
2013-10-10,-0.0020755354704902226
2013-10-11,0.007730015566185194
2013-10-14,-0.0023674918592825576
2013-10-15,0.004353211317291834
2013-10-16,0.00033970909656979957
2013-10-17,0.001543723280181836
2013-10-18,0.00163855735969592
2013-10-21,0.0023122124153570874
2013-10-22,-0.00031523209856059993
2013-10-23,-0.003624586153639763
2013-10-24,-0.008152251259795669
2013-10-25,-0.003236022274724032
2013-10-28,0.0004953573689848228
2013-10-29,-0.0034052478732770437
2013-10-30,-0.00444739165392727
2013-10-31,0.004263472262680945
2013-11-01,0.0041847980460692265
2013-11-04,0.006703082203298034
2013-11-05,-1.3590032896478033e-05
2013-11-06,0.00400681894899178
2013-11-07,-0.0009065556170087434
2013-11-08,0.0073528448495922515
2013-11-11,-0.0022654096723402307
2013-11-12,0.004554929104502676
2013-11-13,0.002616883738709409
2013-11-14,-0.0008248143587180172
2013-11-15,5.383703522686021e-05
2013-11-18,-0.0003267510394246776
2013-11-19,0.00036914582381025914
2013-11-20,-0.0013338109680096682
2013-11-21,0.001495308043578298
2013-11-22,0.0013223098240533002
2013-11-25,2.83055664708088e-05
2013-11-26,0.0014092787624436476
2013-11-27,-0.002429677316180136
2013-11-28,-0.001335813129916718
2013-11-29,0.003940530582188534
2013-12-02,-0.004441070115132513
2013-12-03,-0.0009329676708645447
2013-12-04,-0.0005485313476774794
2013-12-05,0.0008588840275720264
2013-12-06,0.004007954905716909
2013-12-09,0.005307468288700035
2013-12-10,-0.0011395046304176577
2013-12-11,0.00345309520489158
2013-12-12,0.0012592805418254228
2013-12-13,-0.00443965762619058
2013-12-16,0.006432575263223538
2013-12-17,-0.006068380483576105
2013-12-18,-0.0008479423154257766
2013-12-19,0.001927741543601431
2013-12-20,0.0024194563176323457
2013-12-23,-0.0011582665581219096
2013-12-24,0.0020445725451806373
2013-12-25,-0.0027626729051211593
2013-12-26,-0.0002684245948105062
2013-12-27,-0.004471332046329101
2013-12-30,-0.0004471239065140511
2013-12-31,0.0008572706179674544
2014-01-01,0.0006050833921209288
2014-01-02,-0.0006263337550898793
2014-01-03,1.725170001216133e-05
2014-01-06,0.0007038287418497532
2014-01-07,0.002556708627338245
2014-01-08,-2.4108848829231845e-05
2014-01-09,-4.790594584805612e-06
2014-01-10,-0.0006442525080113436
2014-01-13,0.002874098485822344
2014-01-14,-0.00014265646542486066
2014-01-15,-0.003052959044456958
2014-01-16,-0.002163529854437565
2014-01-17,0.0026471174248439318
2014-01-20,-0.0011260782982354216
2014-01-21,0.00029035774511971136
2014-01-22,0.003915122787749487
2014-01-23,-0.0035323283387063385
2014-01-24,-0.0032654933802522615
2014-01-27,0.0057017337421572615
2014-01-28,0.0006334616691884179
2014-01-29,0.0007134657375116693
2014-01-30,-0.003954570185337202
2014-01-31,-0.0006861417642628998
2014-02-03,-0.0034601995787301816
2014-02-04,0.005904284129693088
2014-02-05,-0.003962012727473062
2014-02-06,0.006010455316904468
2014-02-07,0.0005439585341435421
2014-02-10,-0.0025926187000743775
2014-02-11,-0.0002359544118922365
2014-02-12,-0.012507934313313894
2014-02-13,-0.0007353543129067743
2014-02-14,-0.00013554497077720475
2014-02-17,0.002759285650802301
2014-02-18,-0.00676037165864264
2014-02-19,0.006190332402582632
2014-02-20,0.0006776894987735775
2014-02-21,0.005976529811111599
2014-02-24,-0.00013972787441778677
2014-02-25,0.003338471123550256
2014-02-26,-0.0006830156129543196
2014-02-27,0.0035334627823059572
2014-02-28,-0.0030044587875038206
2014-03-03,-0.01501574361133065
2014-03-04,-0.013974217024199338
2014-03-05,0.00012843959174259215
2014-03-06,-0.017428016701714694
2014-03-07,0.004841455214945579
2014-03-10,-0.023494444969808063
2014-03-11,-0.030972510284765567
2014-03-12,0.022447505826077224
2014-03-13,0.014095975143787801
2014-03-14,-0.01645197295514008
2014-03-17,0.0038235247394953252
2014-03-18,0.00670470508026279
2014-03-19,0.0033788527028166242
2014-03-20,0.0013740406427736906
2014-03-21,0.006746959546360575
2014-03-24,-0.0029164423938747488
2014-03-25,0.0003545903860159075
2014-03-26,3.1793949702628834e-05
2014-03-27,-0.0019941432635112192
2014-03-28,-0.0011266512353907913
2014-03-31,0.0019165581814304157
2014-04-01,0.0018054684075726323
2014-04-02,-0.0045852585892191535
2014-04-03,0.004101812573716305
2014-04-04,-0.0026885881934447017
2014-04-07,0.00011574470538750718
2014-04-08,-0.0001301121164573841
2014-04-09,0.0018881128883127788
2014-04-10,0.006794293237663073
2014-04-11,0.0005263487851236443
2014-04-14,-0.0004512155306323831
2014-04-15,-0.00014446836963778048
2014-04-16,0.0003535253055150442
2014-04-17,-0.0024383962180302516
2014-04-18,0.003170283678870456
2014-04-21,-0.0007039356857600914
2014-04-22,-0.0010572866573902075
2014-04-23,0.0014512927503142871
2014-04-24,-0.007851622596322346
2014-04-25,0.0028601896287491673
2014-04-28,0.00014014879998189116
2014-04-29,0.000810846264070777
2014-04-30,0.002047833755781294
2014-05-01,-0.0017063013012451828
2014-05-02,-0.0007907005015538031
2014-05-05,0.001736654100570368
2014-05-06,-0.0020373543307530707
2014-05-07,-0.002119129951214915
2014-05-08,0.0024379051017059793
2014-05-09,0.0026031562874711074
2014-05-12,0.0055266144355417745
2014-05-13,-0.005313860895276039
2014-05-14,0.0007243158938273178
2014-05-15,-0.001099609953235286
2014-05-16,0.0036121489822832625
2014-05-19,0.0008497173119583149
2014-05-20,-0.0002505177381021918
2014-05-21,0.0002642882718267758
2014-05-22,-0.0018236173326922085
2014-05-23,-0.0034801525262554596
2014-05-26,0.002741589004583677
2014-05-27,0.0001753206897114768
2014-05-28,0.00129773430677531
2014-05-29,0.0009955350758381418
2014-05-30,-0.00282417145859001
2014-06-02,0.0016870956951352198
2014-06-03,0.0005109061402927257
2014-06-04,0.002686510100780616
2014-06-05,0.0006196072575391058
2014-06-06,0.0009154664750623256
2014-06-09,0.0010551415454610694
2014-06-10,-0.0017203141315135315
2014-06-11,0.0016114700943127295
2014-06-12,0.0015568799721803269
2014-06-13,0.0008442261794343262
2014-06-16,-0.0014691453185074104
2014-06-17,-0.005476135667303846
2014-06-18,-0.0016318974645505467
2014-06-19,-0.004713673617220862
2014-06-20,0.002803002219046458
2014-06-23,0.003791907569649972
2014-06-24,-0.0014621901200835823
2014-06-25,-0.0023967468058143536
2014-06-26,0.00422828463081887
2014-06-27,0.0038842536226983667
2014-06-30,0.001756174308943786
2014-07-01,0.0003704226530650036
2014-07-02,-0.00294865803359305
2014-07-03,-0.0016087062838460809
2014-07-04,-0.004772963435035426
2014-07-07,-0.0008461112141065527
2014-07-08,-0.0002648469430764841
2014-07-09,0.005121271912410087
2014-07-10,-0.0009236098248700725
2014-07-11,-0.0007199000151379732
2014-07-14,0.0062276752325574995
2014-07-15,0.003458350562387306
2014-07-16,0.0017217597810600164
2014-07-17,0.0009220148831780052
2014-07-18,-0.0009403693369538163
2014-07-21,0.0007036987784502912
2014-07-22,0.0015446628264154045
2014-07-23,-0.0013005281392326367
2014-07-24,-0.0029457781932898074
2014-07-25,-0.0007215298138658248
2014-07-28,0.0028394186812027433
2014-07-29,-0.002074017466451323
2014-07-30,0.002455538036559094
2014-07-31,0.003324759122000297
2014-08-01,-0.002145324272905486
2014-08-04,-0.0002450177521266042
2014-08-05,-0.003333260335948069
2014-08-06,0.007685031494264274
2014-08-07,-0.0006255412080481057
2014-08-08,0.0002774387592349981
2014-08-11,0.0037660105508004367
2014-08-12,0.002520123998980623
2014-08-13,0.0008484167592718106
2014-08-14,-0.0008461873733606505
2014-08-15,0.0013298702707083866
2014-08-18,9.331373597072125e-06
2014-08-19,-0.003954879794356027
2014-08-20,0.0010914417930896862
2014-08-21,-0.003312273610503744
2014-08-22,0.007093593426032859
2014-08-25,0.0012454327785008457
2014-08-26,0.0016695484052862697
2014-08-27,0.00011558936219727492
2014-08-28,0.0024953583356313157
2014-08-29,-0.0036350489075669167
2014-09-01,0.003666768683999647
2014-09-02,0.005884432912574329
2014-09-03,-0.00028123442828256046
2014-09-04,0.0017034815316958674
2014-09-05,-0.0010278114469801248
2014-09-08,0.0007887874682627229
2014-09-09,0.004830187490712099
2014-09-10,0.0007160379328230689
2014-09-11,0.004339450199773772
2014-09-12,0.0007460490726717301
2014-09-15,0.0036945785467439422
2014-09-16,-0.0029422546997452184
2014-09-17,-0.0024552137723358944
2014-09-18,-0.0038695696377401283
2014-09-19,-0.0022111807613748266
2014-09-22,-0.0006172528323619211
2014-09-23,0.00286877182417309
2014-09-24,0.00022344881078771237
2014-09-25,-0.0003081369197398638
2014-09-26,-0.0006528835999898188
2014-09-29,0.00010022731862449966
2014-09-30,0.0020769546434025628
2014-10-01,-0.0010393199424057445
2014-10-02,0.00041938093187345645
2014-10-03,-0.0030308771012336746
2014-10-06,0.0020436974835575635
2014-10-07,-0.0011774256033955446
2014-10-08,-0.004046809839969895
2014-10-09,-0.0013382876019928124
2014-10-10,0.0038854351124829756
2014-10-13,0.001918004363866791
2014-10-14,0.0024982839981776894
2014-10-15,5.2597342780336164e-05
2014-10-16,-0.00023125739641539824
2014-10-17,0.004743769287879733
2014-10-20,0.0016480239625311522
2014-10-21,0.002967148114636428
2014-10-22,-0.00015464941384907087
2014-10-23,-0.00046395024177140094
2014-10-24,-0.0007588290550460284
2014-10-27,-0.004801870882497466
2014-10-28,-0.00505380652773502
2014-10-29,0.00010462704037014986
2014-10-30,0.0026053959932518444
2014-10-31,-0.001786999681703044
2014-11-03,-0.0012988163433007216
2014-11-04,0.0036328882516664853
2014-11-05,-0.0017044265413245657
2014-11-06,-0.0033765384068658384
2014-11-07,0.00732568296140007
2014-11-10,0.003706909894151846
2014-11-11,0.004237109567973216
2014-11-12,0.0041970616856016555
2014-11-13,-0.005694925365570518
2014-11-14,0.0069449879282272925
2014-11-17,0.0029021227649128987
2014-11-18,0.0021809945310290292
2014-11-19,0.0004119789813314227
2014-11-20,-6.407614588046671e-05
2014-11-21,-0.0017946913413010236
2014-11-24,-0.0008529081279703477
2014-11-25,0.0008474185725057329
2014-11-26,-0.0029208883846924922
2014-11-27,0.007346998514100846
2014-11-28,0.004405471071795661
2014-12-01,-0.006884838194831029
2014-12-02,0.0035674132160899296
2014-12-03,0.00034533828376214154
2014-12-04,0.004585498226853152
2014-12-05,0.0011890834670199978
2014-12-08,0.0015094304760144613
2014-12-09,-0.0001765558678602304
2014-12-10,-0.0025772300851622694
2014-12-11,0.002745014400952677
2014-12-12,-0.0002472459331198974
2014-12-15,-0.0026254462200286603
2014-12-16,-0.0022559558935399317
2014-12-17,-0.0031985737968909314
2014-12-18,-0.007869765086170329
2014-12-19,-0.004234862548714312
2014-12-22,-0.0022945027726821252
2014-12-23,0.004851377395643077
2014-12-24,-0.0007802068570348529
2014-12-25,-0.0066487098664693
2014-12-26,-0.007737465553983356
2014-12-29,-0.016997514375205542
2014-12-30,-0.011551615729497523
2014-12-31,0.019271614899637343
2015-01-01,-0.008089743506604678
2015-01-02,0.02421218237625932
2015-01-05,0.01984738140245083
2015-01-06,-2.357534140078445e-05
2015-01-07,-0.0020777963491400465
2015-01-08,-0.006608055017095319
2015-01-09,-0.0023024430285332916
2015-01-12,-0.0029201424807067194
2015-01-13,0.005470832706145355
2015-01-14,0.00035649825446408946
2015-01-15,0.007432383139081469
2015-01-16,0.0031239668651911103
2015-01-19,0.002905948660256767
2015-01-20,-0.002972614252237456
2015-01-21,0.0021711301762881857
2015-01-22,0.0016807540657473065
2015-01-23,0.0006205039161606175
2015-01-26,0.0011294821551430106
2015-01-27,0.0029759099273890654
2015-01-28,-0.010255507679362452
2015-01-29,0.0013525221226209749
2015-01-30,-0.009292104388010432
2015-02-02,-0.0017424532181084815
2015-02-03,0.014105462253876384
2015-02-04,0.003107209355357403
2015-02-05,-0.0002200638494855708
2015-02-06,-0.004675745260052534
2015-02-09,0.009372433446293755
2015-02-10,0.0015837082068962337
2015-02-11,0.002490910476132153
2015-02-12,-0.003342985450153666
2015-02-13,-0.0019032793947064914
2015-02-16,0.001538398849084287
2015-02-17,0.0023437120031910407
2015-02-18,0.0020881699010915364
2015-02-19,0.0004593667836959858
2015-02-20,0.0030172361542169872
2015-02-23,0.007302054425769098
2015-02-24,0.0011811822478745503
2015-02-25,0.003455344232117793
2015-02-26,-0.0005962508247980176
2015-02-27,-0.0017055289413461308
2015-03-02,-0.0014462348708782448
2015-03-03,-0.000587954449979034
2015-03-04,0.00667335778188016
2015-03-05,0.001003094876192173
2015-03-06,-0.002535106204906117
2015-03-09,-0.005807764371456316
2015-03-10,-0.008471541508272798
2015-03-11,-0.010196998894529182
2015-03-12,-0.0027795606621052317
2015-03-13,0.002428754908285859
2015-03-16,-0.007853856641164763
2015-03-17,-0.004890945974197141
2015-03-18,0.009629306339094907
2015-03-19,0.010393780823261544
2015-03-20,-0.0009974885145593616
2015-03-23,-0.0012011693918722356
2015-03-24,0.000338271792724643
2015-03-25,-0.0031505018238911515
2015-03-26,-0.0012592725557432228
2015-03-27,-0.005541909827461595
2015-03-30,0.006054530548923173
2015-03-31,-0.00237861688592425
2015-04-01,-0.001206322768423712
2015-04-02,0.006381187856172865
2015-04-03,0.003989634824137963
2015-04-06,0.0032863233034554308
2015-04-07,0.0011765449989938623
2015-04-08,-0.0020431090548737735
2015-04-09,-0.0049495035899107115
2015-04-10,0.005133809490362309
2015-04-13,-0.001334271007255753
2015-04-14,0.0005989627210275378
2015-04-15,-0.003873588803704045
2015-04-16,0.0028174151499908533
2015-04-17,-0.004822556808442766
2015-04-20,-0.02153722745529091
2015-04-21,-0.004168550356622863
2015-04-22,0.0062922576540831955
2015-04-23,-0.0019834533272719826
2015-04-24,-0.003924627146339287
2015-04-27,-0.001806731349151157
2015-04-28,-0.005281593179403315
2015-04-29,-9.315165783518788e-05
2015-04-30,-0.0017432604063014221
2015-05-01,-0.00261628795364239
2015-05-04,0.01197695694801119
2015-05-05,0.0020075806660904074
2015-05-06,0.0014605602469694198
2015-05-07,0.008111037613503444
2015-05-08,-0.005664758681873654
2015-05-11,-0.0005372472227867858
2015-05-12,-0.002233527610078034
2015-05-13,0.004056686834754765
2015-05-14,0.0006106127253000635
2015-05-15,-0.004745110203342937
2015-05-18,0.004446487334825864
2015-05-19,-1.0550878902694993e-05
2015-05-20,-0.0012350041640434165
2015-05-21,0.004525096561721573
2015-05-22,-3.962861303188916e-05
2015-05-25,0.0011987281924956002
2015-05-26,-0.00021378384670994342
2015-05-27,0.0018378680432523768
2015-05-28,0.002649234710181674
2015-05-29,0.006088135688727198
2015-06-01,-0.0008837342084704785
2015-06-02,0.0008689772859692894
2015-06-03,0.0012127463773923992
2015-06-04,0.002713763363300705
2015-06-05,-0.002989370850420286
2015-06-08,-0.0008720570511011389
2015-06-09,-0.008095667247724389
2015-06-10,-0.003194384613401882
2015-06-11,-0.0010333721653005637
2015-06-12,-0.0016975967886339787
2015-06-15,0.004538048647044898
2015-06-16,-0.0010872100204697046
2015-06-17,-0.0037263340961785412
2015-06-18,-0.0005610052113111373
2015-06-19,0.0014917602183242844
2015-06-22,0.001172574783778061
2015-06-23,-0.00528923999212964
2015-06-24,-0.006688682100027522
2015-06-25,0.003254768967921618
2015-06-26,0.0019903805336686344
2015-06-29,-0.003140346285646795
2015-06-30,-0.007893082963383643
2015-07-01,-0.005983667639466167
2015-07-02,0.008962850223106889
2015-07-03,0.0009436900006570233
2015-07-06,0.004863451316669844
2015-07-07,-0.0005905137969160847
2015-07-08,-0.006325831292728188
2015-07-09,0.006671532960314979
2015-07-10,0.00662945179115583
2015-07-13,0.0019393665764231571
2015-07-14,0.0013984688738930147
2015-07-15,-0.0015415867306838547
2015-07-16,-0.005414116479495721
2015-07-17,-0.002387347538544294
2015-07-20,0.008580962927516554
2015-07-21,-0.0021424054110534777
2015-07-22,0.001706246238478378
2015-07-23,-0.00016994965210604448
2015-07-24,-0.0017154584383126791
2015-07-27,0.0011060805000681485
2015-07-28,0.001897181927175983
2015-07-29,0.002268182975377347
2015-07-30,-0.0009453541984845663
2015-07-31,-0.0021951935760795276
2015-08-03,-0.00015866706993129288
2015-08-04,1.7121143219606463e-05
2015-08-05,0.0017052023087833481
2015-08-06,0.0016989618020013964
2015-08-07,0.0010649376467330857
2015-08-10,0.0010148953777444902
2015-08-11,-0.0015271230845371464
2015-08-12,0.0067642669347564716
2015-08-13,-0.0018060042234205884
2015-08-14,-0.000843616984685918
2015-08-17,0.0007241263556544706
2015-08-18,-0.0013856281819922432
2015-08-19,-0.001151261715396
2015-08-20,0.0019090176030944882
2015-08-21,-0.0007999224534504794
2015-08-24,-0.001458427674844872
2015-08-25,0.0003000558313694876
2015-08-26,0.002171542354055276
2015-08-27,0.0018029945901637812
2015-08-28,0.0016479693915070009
2015-08-31,-0.0038398935719281433
2015-09-01,-0.008367229681288961
2015-09-02,0.00794321992267295
2015-09-03,-0.0015216177438875896
2015-09-04,0.003125168596910485
2015-09-07,-0.0036716572861041448
2015-09-08,0.0017363806231659833
2015-09-09,0.0013991920991062068
2015-09-10,0.0010470103268879318
2015-09-11,0.001875831906349616
2015-09-14,-4.848571442299734e-07
2015-09-15,-4.963360040416073e-05
2015-09-16,0.0004929516795414033
2015-09-17,0.0016806728883767205
2015-09-18,0.0004369332503572302
2015-09-21,0.0016765157162036016
2015-09-22,0.0007216230074645804
2015-09-23,0.0016649382236318998
2015-09-24,0.001811230323829573
2015-09-25,-0.0007402566908417638
2015-09-28,-0.0005679002245438675
2015-09-29,-0.0009661352857130694
2015-09-30,0.0018216175934621518
2015-10-01,-0.0013399398822844279
2015-10-02,-0.00040734821415494733
2015-10-05,0.0015670552195325167
2015-10-06,0.0006429349887414173
2015-10-07,0.0008565496963429372
2015-10-08,-0.0010007299829104671
2015-10-09,-2.7372915777472417e-06
2015-10-12,0.0012421035791117824
2015-10-13,-0.0027184558118974484
2015-10-14,-0.001617448719284575
2015-10-15,-0.0002658919457323198
2015-10-16,0.0017631143431428315
2015-10-19,0.0018859295906889608
2015-10-20,-0.0008504759244139402
2015-10-21,0.0005068794021576657
2015-10-22,0.0010133234692041556
2015-10-23,0.0004561059009405982
2015-10-26,-0.00035290974399873436
2015-10-27,-0.003287765718334416
2015-10-28,0.001408171140844602
2015-10-29,-0.000661858214700815
2015-10-30,-0.0035228119889756933
2015-11-02,0.0006236503220620399
2015-11-03,0.0011782747383321831
2015-11-04,0.005301317579153938
2015-11-05,0.0016381285770638463
2015-11-06,-0.0014425171441397443
2015-11-09,-0.0008928022244105169
2015-11-10,0.005330066746234383
2015-11-11,-0.0022374574022838703
2015-11-12,0.002154682676624841
2015-11-13,-0.0014028207943760915
2015-11-16,-0.001617743101249151
2015-11-17,-0.001605224206791208
2015-11-18,-0.0034689017496149187
2015-11-19,-0.007090199665871957
2015-11-20,0.0033628944911692554
2015-11-23,0.0036173100876035983
2015-11-24,-0.0012879025960184217
2015-11-25,0.0009203230062128495
2015-11-26,0.005337927754760535
2015-11-27,0.0031020837718108312
2015-11-30,-0.0013767978478993904
2015-12-01,0.0011798772904068429
2015-12-02,-0.002989313167687296
2015-12-03,0.001402784979625241
2015-12-04,-0.0008321724592002012
2015-12-07,0.0007330821496655338
2015-12-08,6.0944064953742313e-05
2015-12-09,0.0014647277855999313
2015-12-10,0.003914686937140262
2015-12-11,-0.0021608981849374695
2015-12-14,-0.001905757013908542
2015-12-15,0.0016066129599225805
2015-12-16,-0.004328667933506294
2015-12-17,-0.00224358340618376
2015-12-18,-0.005688480244570417
2015-12-21,0.002076510280768498
2015-12-22,0.002923458165874802
2015-12-23,0.002500616097128869
2015-12-24,0.0014854537997131085
2015-12-25,-0.007722904086746385
2015-12-28,-0.0029092664052773696
2015-12-29,-0.0007984301774760331
2015-12-30,-0.0013198658085699457
2015-12-31,-8.290366845051071e-05
2016-01-01,0.009079851597788255
2016-01-04,0.004192368725528599
2016-01-05,-0.003668245442901023
2016-01-06,0.005426716111689021
2016-01-07,0.007073272271723654
2016-01-08,-0.002474673208600002
2016-01-11,0.0020559513192254407
2016-01-12,0.001968528503832938
2016-01-13,-0.0020263200058403628
2016-01-14,0.0026697006776980844
2016-01-15,0.0004218472889860217
2016-01-18,0.0002815141520432444
2016-01-19,0.0006778203263346719
2016-01-20,-0.0017369312988427307
2016-01-21,-0.004939380871225815
2016-01-22,0.0017558941228104441
2016-01-25,0.00027234077241037355
2016-01-26,-0.0012697122019411319
2016-01-27,0.00018957394957436896
2016-01-28,0.0009593992296723659
2016-01-29,0.006938021035021271
2016-02-01,-4.5682173434512426e-05
2016-02-02,-2.5138906807394e-05
2016-02-03,-0.00014670827941752683
2016-02-04,0.0011271927145411445
2016-02-05,0.0016358860237237491
2016-02-08,-0.002488572267267803
2016-02-09,-3.3109949909322666e-05
2016-02-10,0.005843440142794013
2016-02-11,0.004279501040886565
2016-02-12,-0.0008244843673283209
2016-02-15,0.0018065466892487692
2016-02-16,0.005776733198446904
2016-02-17,-0.0016638434514805074
2016-02-18,-0.0004082515159481133
2016-02-19,-0.0008959992264584698
2016-02-22,0.008785719929846543
2016-02-23,0.0006943835398532461
2016-02-24,0.0022937159033350574
2016-02-25,0.0036977733446181445
2016-02-26,0.005651916446308067
2016-02-29,0.008845238281279528
2016-03-01,0.0024304188926936275
2016-03-02,0.005110840559007207
2016-03-03,-0.012770344108782548
2016-03-04,-0.007594253220788205
2016-03-07,0.01348477926941271
2016-03-08,0.011183076161021705
2016-03-09,0.0017602588994850062
2016-03-10,-0.005105222377572556
2016-03-11,0.010801912542453638
2016-03-14,0.0015794926795446827
2016-03-15,0.0013381029362396924
2016-03-16,0.003830014330212097
2016-03-17,0.0022078239477035305
2016-03-18,-0.004310808150051526
2016-03-21,0.0015352934608515723
2016-03-22,0.006171041058253102
2016-03-23,-0.0014898916329233185
2016-03-24,0.0006764338445194584
2016-03-25,-0.002918014763498891
2016-03-28,0.0007691540250509138
2016-03-29,-0.0007768023514732846
2016-03-30,0.0013768771044311663
2016-03-31,-0.007198515812533729
2016-04-01,-0.0036485632422593277
2016-04-04,0.009493992798530963
2016-04-05,-0.0003062568440758105
2016-04-06,-0.005913699767191055
2016-04-07,-0.00013829048329973585
2016-04-08,0.0001549265865677888
2016-04-11,8.816438493618097e-05
2016-04-12,0.0029306870791745536
2016-04-13,0.0005677586965633516
2016-04-14,-0.0008353867963336207
2016-04-15,-0.0003275526377777482
2016-04-18,0.0020164007832527025
2016-04-19,-0.0005089792448345789
2016-04-20,-0.0005328261249102437
2016-04-21,-0.0005167172549974647
2016-04-22,0.0038658814311168543
2016-04-25,-0.0011692525683159906
2016-04-26,-0.0003299134271068519
2016-04-27,-0.004641737111831931
2016-04-28,-0.0038701704094884527
2016-04-29,-0.0036074616895053644
2016-05-02,-0.003235471283650773
2016-05-03,0.0018322781365873325
2016-05-04,0.004504660014612392
2016-05-05,-0.0006000353297572596
2016-05-06,0.0038917364967578022
2016-05-09,-0.002373711260471273
2016-05-10,-0.0042854090812186035
2016-05-11,-0.0035031243358764445
2016-05-12,0.004825876960073323
2016-05-13,0.0038464292254157166
2016-05-16,-0.008116320145043135
2016-05-17,-0.0025451225598777417
2016-05-18,0.0005071868460885278
2016-05-19,-0.001522731544898603
2016-05-20,0.0007353911236353717
2016-05-23,-0.0030261729183230016
2016-05-24,-0.0024183494791801263
2016-05-25,-0.013505088385516686
2016-05-26,-0.0007199114444948459
2016-05-27,-0.004290769926737452
2016-05-30,0.009562222682785192
2016-05-31,0.0016624901707744185
2016-06-01,-0.0023921771482559636
2016-06-02,-0.002560912162296989
2016-06-03,0.020946860492521046
2016-06-06,-0.002179624787059053
2016-06-07,-0.0031558165484823417
2016-06-08,0.007604456226441946
2016-06-09,0.001278678729287986
2016-06-10,0.005402620443734973
2016-06-13,-0.00043205022588777963
2016-06-14,0.001188222052561214
2016-06-15,0.004407125048818721
2016-06-16,0.0022527048096512296
2016-06-17,0.0025676624243248826
2016-06-20,0.003125385610362196
2016-06-21,0.0017257322667789312
2016-06-22,-0.0004420239017916519
2016-06-23,-0.003169628202063797
2016-06-24,0.0032790158566883597
2016-06-27,0.008380659871590444
2016-06-28,0.0044929659575471455
2016-06-29,0.0002106206686642801
2016-06-30,-0.0018368827379630533
2016-07-01,-0.00405409242547121
2016-07-04,-0.008283871337322826
2016-07-05,-0.001150890668065228
2016-07-06,0.0016152607753087
2016-07-07,-0.004660628505787131
2016-07-08,0.004223513398833371
2016-07-11,0.0025454906875944094
2016-07-12,-0.00018950227508851558
2016-07-13,0.0009241239047208762
2016-07-14,-0.007121537800869217
2016-07-15,-0.0011379621639429484
2016-07-18,0.0004817033837335022
2016-07-19,0.00106465263713576
2016-07-20,0.0029953866358532815
2016-07-21,0.0030756992142399074
2016-07-22,0.001442665508512491
2016-07-25,0.0012898818335792673
2016-07-26,0.0034507507940392214
2016-07-27,-0.0006190315629510402
2016-07-28,0.00020350353578971496
2016-07-29,0.000616261205550555
2016-08-01,-0.0014373091099996547
2016-08-02,0.0016223366154737764
2016-08-03,0.0007276431573085065
2016-08-04,0.0016280865130688309
2016-08-05,0.0019056624327584491
2016-08-08,0.0010387911852584402
2016-08-09,0.0006348509650324814
2016-08-10,0.00023004780409047795
2016-08-11,-0.0007667134681157636
2016-08-12,-9.6182056058494e-05
2016-08-15,-0.00019564348776611885
2016-08-16,-0.0016751444392604248
2016-08-17,0.0021076274435746986
2016-08-18,-0.009248561028629379
2016-08-19,0.004225642505600224
2016-08-22,0.0020836870203586
2016-08-23,0.0017296278116913436
2016-08-24,0.0025286471034308075
2016-08-25,0.0023540239037088007
2016-08-26,-0.0012960834008509722
2016-08-29,0.0015025777046759692
2016-08-30,0.0018185088491703824
2016-08-31,-0.003884581297950407
2016-09-01,0.0009608721720997771
2016-09-02,-2.043773637903229e-05
2016-09-05,-0.0023293694293883525
2016-09-06,-0.0014597348222137613
2016-09-07,-0.00758686627102907
2016-09-08,-0.001563863589416477
2016-09-09,0.0006257247770157731
2016-09-12,0.003796595294733254
2016-09-13,0.012497469352311977
2016-09-14,-0.00014713386703583964
2016-09-15,-0.005775821294676405
2016-09-16,-0.0015271222700437353
2016-09-19,-0.0020692267528723525
2016-09-20,0.003688269526706198
2016-09-21,0.0007948961913225635
2016-09-22,-0.004733934599513425
2016-09-23,-0.0035235551189411215
2016-09-26,-0.0009273262723026407
2016-09-27,0.004082329105997678
2016-09-28,-0.003664170766987514
2016-09-29,0.015280819649812798
2016-09-30,0.0011158310727673007
2016-10-03,-0.006017009486007453
2016-10-04,0.005961679195961692
2016-10-05,-0.0006843446504639636
2016-10-06,-0.0010366690438847396
2016-10-07,-0.0007559578661165251
2016-10-10,0.001960554819736275
2016-10-11,0.002272545442674789
2016-10-12,-0.0010444018590191446
2016-10-13,-0.0014225531592684231
2016-10-14,0.0013014084626310008
2016-10-17,-0.00812439698985458
2016-10-18,-0.0021436327142026913
2016-10-19,-0.0028162121694481628
2016-10-20,0.008418362796666946
2016-10-21,0.0023644455469139358
2016-10-24,-0.002031325675851698
2016-10-25,0.0067140032877641125
2016-10-26,0.003013345737145191
2016-10-27,0.0012212756768302945
2016-10-28,0.002174810282794622
2016-10-31,-0.0025035565855080085
2016-11-01,0.0028235081674423865
2016-11-02,0.002202683466139008
2016-11-03,-0.0014308007350473497
2016-11-04,-0.005578578319734879
2016-11-07,0.0067674285455772455
2016-11-08,-0.0018404674972960847
2016-11-09,-0.000876263917089423
2016-11-10,-0.0027620392907392235
2016-11-11,-0.0021886964108011973
2016-11-14,-0.0003956029196361746
2016-11-15,-0.0029798769769737413
2016-11-16,-0.0027513815799459183
2016-11-17,0.003878232668823759
2016-11-18,0.0023690786225572576
2016-11-21,-4.0097770800531264e-05
2016-11-22,0.001225054272765882
2016-11-23,0.00269195221779098
2016-11-24,-0.0013366102819513323
2016-11-25,-0.0041789610258188
2016-11-28,-0.004310810457054649
2016-11-29,0.002434878925996544
2016-11-30,-0.002018676394735658
2016-12-01,0.001607004751129252
2016-12-02,-0.0010458695127654183
2016-12-05,-0.0006043470242226043
2016-12-06,0.008976623592956964
2016-12-07,-0.002625347456117002
2016-12-08,-0.0007918321237933741
2016-12-09,0.0006769956070274297
2016-12-12,-0.00042142449100245755
2016-12-13,0.0011598458492210967
2016-12-14,-1.913630867746716e-05
2016-12-15,0.0014143239022640563
2016-12-16,0.00010832021709965799
2016-12-19,0.0019921515791054547
2016-12-20,0.0006085124748394359
2016-12-21,-0.0033106271176445035
2016-12-22,-0.0037492939243125604
2016-12-23,-0.0007769197352622759
2016-12-26,-0.0033745826227056085
2016-12-27,-0.012969357866090207
2016-12-28,-0.0035648732998817883
2016-12-29,-0.0011557820287615536
2016-12-30,-0.00011927240745630797
2017-01-02,-0.00406374234485157
2017-01-03,0.0024688673642164283
2017-01-04,0.001666386854451913
2017-01-05,0.010882811854123584
2017-01-06,0.005252850649929911
2017-01-09,0.0012131202254970917
2017-01-10,-0.0005220407106215743
2017-01-11,-0.00936371637615296
2017-01-12,-0.002462687036644564
2017-01-13,0.003982612344018842
2017-01-16,0.003997438150787279
2017-01-17,-0.008085066158884418
2017-01-18,-0.007306862172030651
2017-01-19,-0.001414120749412225
2017-01-20,0.0025842220529579164
2017-01-23,-0.0065285525168707875
2017-01-24,0.004072884407197653
2017-01-25,-0.001000037377843245
2017-01-26,-0.005545124689024461
2017-01-27,0.001200334284852626
2017-01-30,0.0015780841761050034
2017-01-31,-0.0001360947187075438
2017-02-01,0.004613089061806553
2017-02-02,0.008799287841520342
2017-02-03,0.004001586779549969
2017-02-06,-0.0055537051163120875
2017-02-07,0.003858939277543381
2017-02-08,0.005579173602531017
2017-02-09,0.003947975791347601
2017-02-10,0.0011393540320393009
2017-02-13,0.0012359430103404383
2017-02-14,0.003268610359092005
2017-02-15,-0.0008343549404210594
2017-02-16,-0.0007785102170416065
2017-02-17,0.0006148820477927279
2017-02-20,-0.002005270088715496
2017-02-21,0.00012117358776835094
2017-02-22,2.3842605358464792e-05
2017-02-23,0.0012247979352287244
2017-02-24,-7.468205417052566e-05
2017-02-27,0.00014710532004178498
2017-02-28,0.002572890185375395
2017-03-01,0.00120271047072424
2017-03-02,0.001442255992087655
2017-03-03,0.001328240935691697
2017-03-06,0.0011125809072004627
2017-03-07,0.005705331680339043
2017-03-08,-0.001178601290132423
2017-03-09,0.004014231776638573
2017-03-10,-0.008816481886727054
2017-03-13,0.005093558221865767
2017-03-14,0.0002516075984469856
2017-03-15,0.011428549181578044
2017-03-16,-0.0006577456643786497
2017-03-17,-0.0010092759466432712
2017-03-20,0.010371151863555032
2017-03-21,-0.0021912019007174987
2017-03-22,0.01049831068490175
2017-03-23,0.0027757270023919083
2017-03-24,0.0029152862650318467
2017-03-27,-0.003959340765612839
2017-03-28,-0.005090966600480246
2017-03-29,-0.00211395348916742
2017-03-30,-0.004035102119369926
2017-03-31,-0.0004803285390158259
2017-04-03,-0.0016707992779452664
2017-04-04,0.0030468293349505474
2017-04-05,0.0017383065104698914
2017-04-06,0.0024443292597021733
2017-04-07,0.0024556491173959357
2017-04-10,0.001868980548422901
2017-04-11,-0.000799269061543784
2017-04-12,0.004980703622291166
2017-04-13,0.001871276998327948
2017-04-14,0.000721943286156301
2017-04-17,-0.001395049040085871
2017-04-18,-0.001336260525878736
2017-04-19,0.0002616764630878202
2017-04-20,0.0006286526262957708
2017-04-21,-0.0006247659322758968
2017-04-24,-0.001423466103296767
2017-04-25,-0.0059296165044266606
2017-04-26,-0.005405991470887642
2017-04-27,-0.005552009070992316
2017-04-28,0.004008324147137091
2017-05-01,-0.0019991272383725655
2017-05-02,0.0024810051397356966
2017-05-03,0.007737413768086652
2017-05-04,0.0015237256655205517
2017-05-05,-0.007009283751395619
2017-05-08,-0.0018310036282909396
2017-05-09,-0.008973594997835378
2017-05-10,-0.0025094200091090456
2017-05-11,-0.012499723259967475
2017-05-12,-0.001521183249640532
2017-05-15,-0.001332985936449011
2017-05-16,0.00748092517688441
2017-05-17,-0.0057676814892337345
2017-05-18,0.0022870933687477264
2017-05-19,0.00533761380203963
2017-05-22,-0.007204772184439007
2017-05-23,-0.0053639925923999335
2017-05-24,-0.005820399068807519
2017-05-25,-0.0011235496716835935
2017-05-26,0.00019857323067392209
2017-05-29,0.0028536771176770857
2017-05-30,-0.0057804357147779465
2017-05-31,-0.007967999997559644
2017-06-01,-9.348847835892633e-05
2017-06-02,-0.01112325939303054
2017-06-05,-0.0042398237118583875
2017-06-06,0.0019900969691461086
2017-06-07,-0.006738502013773167
2017-06-08,-0.010950546157481898
2017-06-09,-0.012081891872847385
2017-06-12,-0.008655829255780977
2017-06-13,0.00023352839323205314
2017-06-14,0.0007704660739351844
2017-06-15,-0.0027346858480767205
2017-06-16,-0.011691298524669266
2017-06-19,-0.003544989762463219
2017-06-20,-0.0017769399902701766
2017-06-21,-0.0012879563337872017
2017-06-22,0.002821398692775532
2017-06-23,0.0007624663368924558
2017-06-26,0.0004229036229106125
2017-06-27,-0.021062992518127332
2017-06-28,0.008726654371741364
2017-06-29,-0.0037105234217224363
2017-06-30,0.011807867278672834
2017-07-03,-0.0021124573251459604
2017-07-04,-0.00764607682964813
2017-07-05,-0.005657070559382969
2017-07-06,0.0004884783932217846
2017-07-07,-0.0034645360491968183
2017-07-10,-0.001996887103416634
2017-07-11,-0.0025944089345464054
2017-07-12,-0.0022584782810437165
2017-07-13,0.0007709724798162404
2017-07-14,0.0009728662815254065
2017-07-17,-0.003404481597902487
2017-07-18,0.0005279259539300992
2017-07-19,-0.001114786257824834
2017-07-20,-0.006858376459069731
2017-07-21,-0.010077822985667846
2017-07-24,0.0074302828895330625
2017-07-25,0.006826595368213755
2017-07-26,0.003756087658749339
2017-07-27,-0.000564009142713642
2017-07-28,3.946993395318593e-05
2017-07-31,-0.003769733534532637
2017-08-01,-0.0003500482081356866
2017-08-02,-0.0019136640154149053
2017-08-03,0.0005860456068568724
2017-08-04,0.00019740035667350098
2017-08-07,0.0008617734417289817
2017-08-08,0.005452146165216228
2017-08-09,0.0018389940274874065
2017-08-10,0.0022344217172652527
2017-08-11,0.0015009865051338975
2017-08-14,0.0023029288832853824
2017-08-15,-0.0016354980168885253
2017-08-16,0.0033593684675682772
2017-08-17,0.0026928213709418083
2017-08-18,-0.0008589223388693473
2017-08-21,-0.009738491940229615
2017-08-22,0.007922508082707932
2017-08-23,-0.009006181727730631
2017-08-24,0.004056765409233217
2017-08-25,-0.0029358825582810454
2017-08-28,0.005788857042445597
2017-08-29,0.01290582322281228
2017-08-30,-0.003621429102611061
2017-08-31,0.0043113691664751685
2017-09-01,-0.007036797496479579
2017-09-04,0.004035490909163622
2017-09-05,-0.007693533785737207
2017-09-06,0.001802590135646619
2017-09-07,-0.0017975000405925073
2017-09-08,0.0009466082288540597
2017-09-11,-0.002813478486525578
2017-09-12,0.00297033147869054
2017-09-13,-0.0015317581977005736
2017-09-14,-0.0035099725099385862
2017-09-15,0.005700187028279888
2017-09-18,0.00014412711839315804
2017-09-19,0.0027306685628202924
2017-09-20,-0.004746523129151341
2017-09-21,0.0009038928027438426
2017-09-22,0.000347935913688779
2017-09-25,-7.408438983693864e-05
2017-09-26,-0.0014400818235545156
2017-09-27,-0.0014166277599136968
2017-09-28,0.0003214229029208813
2017-09-29,-0.002214381753772097
2017-10-02,0.0015837499730942475
2017-10-03,-0.0056464429769625245
2017-10-04,-0.0013742815065813496
2017-10-05,0.0018167388722801735
2017-10-06,0.0036027310929911734
2017-10-09,0.0017257512308312601
2017-10-10,0.0036057429434730084
2017-10-11,0.0015977525007908515
2017-10-12,-0.005325947378494542
2017-10-13,-0.0009872467382290387
2017-10-16,0.0005564698977813592
2017-10-17,0.00964492354693728
2017-10-18,1.877436923299492e-05
2017-10-19,-0.0005174190867843701
2017-10-20,0.0028461886035907654
2017-10-23,0.0006570136386511989
2017-10-24,0.0005180290990782184
2017-10-25,3.142536716478975e-05
2017-10-26,0.0063412817260092985
2017-10-27,0.003551296369816999
2017-10-30,0.003145884297932719
2017-10-31,-0.003970169248341543
2017-11-01,-0.004920177649246389
2017-11-02,0.0018330881404008158
2017-11-03,0.010521010558580693
2017-11-06,0.0011519861641885554
2017-11-07,-0.006313367508941076
2017-11-08,0.004418631874627814
2017-11-09,-0.001557652618437429
2017-11-10,0.004345548716152503
2017-11-13,-0.001316688426562426
2017-11-14,-0.0010108682865310019
2017-11-15,0.0032910392498393653
2017-11-16,-0.0023187313710339268
2017-11-17,-0.0031987979239363074
2017-11-20,-0.0007152707334467247
2017-11-21,0.002174441116794355
2017-11-22,-0.006606769097609329
2017-11-23,0.0035575637881276796
2017-11-24,0.001505574709517482
2017-11-27,0.0011455091785186587
2017-11-28,-0.0021064958525342176
2017-11-29,-0.004765547094469351
2017-11-30,0.0044175080592444805
2017-12-01,0.00033585521069685355
2017-12-04,0.010615934099453387
2017-12-05,-0.00048081865327776613
2017-12-06,0.0011063374496988023
2017-12-07,-0.0037302841801454337
2017-12-08,0.0026815452727720684
2017-12-11,0.005803144558821955
2017-12-12,-0.014146794947549505
2017-12-13,0.002423343353602874
2017-12-14,-0.001429195412219619
2017-12-15,-0.008146364703678757
2017-12-18,0.008010331648874183
2017-12-19,-0.009771740571899418
2017-12-20,0.005201904095496225
2017-12-21,0.020950665959029537
2017-12-22,0.0015030271347202199
2017-12-25,0.001617889353469407
2017-12-26,-0.0018454859861426955
2017-12-27,0.0003049221120953816
2017-12-28,0.0012989069749995835
2017-12-29,0.003512157547849708
2018-01-01,-0.00019176100712907113
2018-01-02,-0.0002151333733625485
2018-01-03,0.0028565249895036483
2018-01-04,-0.0009986975085385808
2018-01-05,-0.00041672613504841437
2018-01-08,0.0024855523130598058
2018-01-09,-0.0012797309241269995
2018-01-10,-0.0005719057437963494
2018-01-11,-0.0017749885860755136
2018-01-12,-0.00011571293199944682
2018-01-15,-0.0028452714392670957
2018-01-16,-0.0005303894348101254
2018-01-17,-0.0007918938814526827
2018-01-18,0.0019315546796349154
2018-01-19,0.01715044017782854
2018-01-22,0.004310822504334573
2018-01-23,-0.0013565435161877932
2018-01-24,0.000641101065664916
2018-01-25,-0.0006115358624456248
2018-01-26,0.002565828447911347
2018-01-29,0.004305322008224375
2018-01-30,0.0012338086565004801
2018-01-31,0.0007063488969740973
2018-02-01,0.0004637077991548541
2018-02-02,0.0025318156021749347
2018-02-05,0.0014634545641853984
2018-02-06,0.0009095052562587535
2018-02-07,-0.0006300340948171188
2018-02-08,-0.0012040789343608317
2018-02-09,-0.0011739634387382784
2018-02-12,0.0033602294182021805
2018-02-13,0.00020558666234227196
2018-02-14,0.0022716117154028964
2018-02-15,-0.00015284479162940186
2018-02-16,-0.0006264479356916756
2018-02-19,0.0004076630113875163
2018-02-20,0.0005936142355000152
2018-02-21,0.0003235630280197174
2018-02-22,0.0034805118334443434
2018-02-23,-0.0004490181055578782
2018-02-26,0.004239361905369485
2018-02-27,0.00870095307409632
2018-02-28,-0.0007340565834377047
2018-03-01,-0.00477565150730329
2018-03-02,0.0028727892230554445
2018-03-05,-0.0022581627149339846
2018-03-06,-0.003849655383360613
2018-03-07,-0.005755155571915544
2018-03-08,0.0058577398716661835
2018-03-09,0.004442227123969033
2018-03-12,0.028722254271938592
2018-03-13,-0.0023021770271461576
2018-03-14,0.003584959270318042
2018-03-15,-0.005726682346387606
2018-03-16,-0.0018389734330328097
2018-03-19,0.00707565368756184
2018-03-20,0.004811343087292756
2018-03-21,0.013008772190060011
2018-03-22,0.007757050991929783
2018-03-23,0.0032100286353729454
2018-03-26,0.005819027451601854
2018-03-27,-0.0017505630467152828
2018-03-28,9.643171842183863e-05
2018-03-29,0.002906901980652278
2018-03-30,-0.00041183758885864064
2018-04-02,0.004840179451748118
2018-04-03,-0.0033052904212260404
2018-04-04,-0.0013772466714829482
2018-04-05,0.0027920624709186063
2018-04-06,-0.017199024505328876
2018-04-09,-0.013841375105549347
2018-04-10,0.013650262795430444
2018-04-11,0.004073889873515531
2018-04-12,0.00227314867260165
2018-04-13,0.0013360940207001464
2018-04-16,0.003391337428929295
2018-04-17,-0.00048614854937223655
2018-04-18,-0.004356536195735271
2018-04-19,0.007023182907314237
2018-04-20,0.0039382724986284775
2018-04-23,0.0021503613223454524
2018-04-24,0.0007501201405137816
2018-04-25,-0.00451792807292874
2018-04-26,-0.0034325554920929023
2018-04-27,-0.0017704882401775677
2018-04-30,0.0017562727921939915
2018-05-01,0.0019378109818588957
2018-05-02,0.005658888522814943
2018-05-03,-0.003942699257126037
2018-05-04,-0.00020693244414109885
2018-05-07,-0.005405647042015059
2018-05-08,-1.1366251353629817e-05
2018-05-09,-0.001031575310111377
2018-05-10,-0.0019177929698936931
2018-05-11,-0.003537223442197761
2018-05-14,0.022684680395087687
2018-05-15,0.00205456958012735
2018-05-16,0.0021378241204175917
2018-05-17,0.00026444041609063537
2018-05-18,-0.009157192076148755
2018-05-21,0.003301507902651009
2018-05-22,0.007235498092205566
2018-05-23,0.005072174283541045
2018-05-24,0.0018527398583916095
2018-05-25,0.0021724695126471363
2018-05-28,0.0032197592450385303
2018-05-29,0.002234658939604643
2018-05-30,-0.0012399431833199363
2018-05-31,-0.0004914903682499677
2018-06-01,0.00031078434611029725
2018-06-04,-0.004623167532619748
2018-06-05,0.003424500773255677
2018-06-06,-0.0006349181586473404
2018-06-07,-0.002745918829801237
2018-06-08,-0.0023345447787635155
2018-06-11,0.0033902467464254813
2018-06-12,0.008036297810216303
2018-06-13,0.005572944801029827
2018-06-14,-0.0015677021226489698
2018-06-15,-0.00012910318298525075
2018-06-18,0.0016199938705326513
2018-06-19,-0.0023242203540931924
2018-06-20,-0.002737790973739494
2018-06-21,0.003110626075965733
2018-06-22,-0.0011911195400313307
2018-06-25,3.5186613035589724e-05
2018-06-26,0.0009420816827606388
2018-06-27,0.0011792285175660127
2018-06-28,0.0014334877582604499
2018-06-29,-9.545176581023107e-05
2018-07-02,0.0023948694220070742
2018-07-03,0.0020842515054374476
2018-07-04,-0.0035374527686993333
2018-07-05,0.004589432871340943
2018-07-06,0.0014097919887193543
2018-07-09,0.004111221414745922
2018-07-10,-0.005186057066393997
2018-07-11,0.00013252955245898626
2018-07-12,0.0024735632038919543
2018-07-13,-0.00045008359137595
2018-07-16,0.004860950630526016
2018-07-17,-0.0002324450227652701
2018-07-18,0.0027585064723080876
2018-07-19,0.002944533894012129
2018-07-20,-0.0020351291876343804
2018-07-23,-0.0022554917875886316
2018-07-24,0.00045457492163710443
2018-07-25,-0.001593825029666875
2018-07-26,0.0003079606603787221
2018-07-27,0.0006895386751029696
2018-07-30,0.005753175598854132
2018-07-31,-0.0005482308242968712
2018-08-01,-0.0009797039210727287
2018-08-02,0.00020250901359811918
2018-08-03,-0.004235981057707632
2018-08-06,-0.0009066607347641036
2018-08-07,-0.0017793270267735858
2018-08-08,-0.00015159175117261436
2018-08-09,0.005132573691297829
2018-08-10,0.0025324737996183884
2018-08-13,-0.0028930021782752778
2018-08-14,-0.0006258423904578732
2018-08-15,0.004809660003420736
2018-08-16,-0.0005509398926804255
2018-08-17,0.00020795726134467934
2018-08-20,-0.002557483887861192
2018-08-21,0.0019262838819958106
2018-08-22,0.00406403306385229
2018-08-23,0.0017330633925665539
2018-08-24,0.0021676144496951804
2018-08-27,-0.0005628322632455461
2018-08-28,-0.0017541753836127893
2018-08-29,0.0023040280079485607
2018-08-30,0.0016136101528718815
2018-08-31,-0.0007300776145527325
2018-09-03,0.0001850870564760348
2018-09-04,-0.0012978483279672435
2018-09-05,-0.0010651832139867876
2018-09-06,0.0005843111181198081
2018-09-07,0.0030084027480348587
2018-09-10,-0.0007059987300019202
2018-09-11,0.0023921150020338147
2018-09-12,-0.0026321365650407
2018-09-13,0.0007615335684550972
2018-09-14,0.0019708042929203473
2018-09-17,-0.001556894211079728
2018-09-18,0.0006110199823597695
2018-09-19,0.002228272967853874
2018-09-20,0.0006085125920075515
2018-09-21,-0.0027852838536778788
2018-09-24,0.000287004317409174
2018-09-25,0.0007391188168924158
2018-09-26,0.0002741405944015878
2018-09-27,-0.0037006358394754127
2018-09-28,0.0006062593502021082
2018-10-01,-0.007060189571767423
2018-10-02,-0.00028777413065790135
2018-10-03,-0.0032460851610943077
2018-10-04,-0.0006993746662687296
2018-10-05,0.0031415129855691445
2018-10-08,-0.0005160727425221855
2018-10-09,0.0025674544664668463
2018-10-10,-0.0003876908771481124
2018-10-11,-0.0002891879375401935
2018-10-12,0.00014587497664497826
2018-10-15,-0.0011342992644788105
2018-10-16,-0.002969582938994608
2018-10-17,-0.003945016368302391
2018-10-18,0.0034307692272161168
2018-10-19,0.0012975561332124064
2018-10-22,-0.0052003498812551036
2018-10-23,-0.00018443441490993044
2018-10-24,-0.0011402990662373242
2018-10-25,-0.0013973223073826709
2018-10-26,-0.007130069540182102
2018-10-29,0.004967153135069574
2018-10-30,-0.0005214198939873164
2018-10-31,-0.000247788392440944
2018-11-01,0.004339083881750166
2018-11-02,0.0009702316894567421
2018-11-05,0.004929000479459272
2018-11-06,0.0036476887621583196
2018-11-07,0.003832510477015313
2018-11-08,-0.002121465660860202
2018-11-09,0.0011727761701354
2018-11-12,0.002378384118954838
2018-11-13,-0.002047255494695198
2018-11-14,0.0022327184421274786
2018-11-15,-0.0008466590489162587
2018-11-16,0.0023945728638638166
2018-11-19,-0.0009040214434059404
2018-11-20,7.64324514258923e-05
2018-11-21,0.0006271874387217022
2018-11-22,-0.0007574187353591097
2018-11-23,0.0005816783347691668
2018-11-26,0.01037886051106985
2018-11-27,-0.001720547603421038
2018-11-28,-0.0004069238550794141
2018-11-29,0.0010211849758313763
2018-11-30,0.004971291191253105
2018-12-03,-0.0011229834068251753
2018-12-04,0.0019315340838216496
2018-12-05,0.0008882844283003202
2018-12-06,-0.005345207041361929
2018-12-07,-0.0034283037050230076
2018-12-10,0.007467077188806167
2018-12-11,-0.0019100389253189677
2018-12-12,0.006619794061267308
2018-12-13,-0.006118649660171871
2018-12-14,0.006179596436657856
2018-12-17,-0.0007084707606932318
2018-12-18,0.001249001089572932
2018-12-19,0.003825331310874672
2018-12-20,-0.0068383043926357485
2018-12-21,-0.001746058570599355
2018-12-24,0.001960057826202127
2018-12-25,0.006341805309698681
2018-12-26,0.0028981017240684165
2018-12-27,0.003452744857230447
2018-12-28,0.000493307152786127
2018-12-31,0.0021908500194844187
2019-01-01,-0.002468753642169009
2019-01-02,0.008849648618335064
2019-01-03,-0.0011656641290718793
2019-01-04,0.0014329798153434722
2019-01-07,-0.0047583509981490146
2019-01-08,0.006659351060337697
2019-01-09,0.00350904092568469
2019-01-10,-0.002409679232513536
2019-01-11,-2.519934111648017e-05
2019-01-14,0.005737610801442529
2019-01-15,-0.0014274297536597154
2019-01-16,0.0005492762271019826
2019-01-17,0.0014253791042019813
2019-01-18,0.00017663063451396534
2019-01-21,0.0006181491530439075
2019-01-22,0.0009308768751027374
2019-01-23,-0.004187386347509415
2019-01-24,5.4983786642492016e-05
2019-01-25,0.005263164715199449
2019-01-28,0.003335999131716263
2019-01-29,-0.00635717409885237
2019-01-30,0.007539527596472525
2019-01-31,0.001034507807450851
2019-02-01,-0.0004147974974985687
2019-02-04,0.0048188822294713465
2019-02-05,-0.00030898922631209663
2019-02-06,-0.009101158463194831
2019-02-07,0.00038206513174039475
2019-02-08,0.0038113223718290318
2019-02-11,-0.005530123454695399
2019-02-12,-0.0020930960590089583
2019-02-13,-0.007382449772891217
2019-02-14,-0.0011621467547918952
2019-02-15,0.0010348731605954531
2019-02-18,0.010183909601593521
2019-02-19,0.007042850495027193
2019-02-20,0.004963245800011144
2019-02-21,-0.00024285133524100345
2019-02-22,-0.004965606333628834
2019-02-25,0.0049575328056072005
2019-02-26,0.0006485902588148761
2019-02-27,0.0017596715146571962
2019-02-28,-0.0006180378683169592
2019-03-01,0.000762791663901404
2019-03-04,0.004761313768389577
2019-03-05,-0.002506525520002075
2019-03-06,0.00936193198817464
2019-03-07,-0.0012959613664335918
2019-03-08,-0.0002598840995031663
2019-03-11,0.005892691498706245
2019-03-12,0.0024594524440078322
2019-03-13,0.005343179428230079
2019-03-14,-0.0033462298805207458
2019-03-15,0.01637346628347193
2019-03-18,-0.0011255976709335144
2019-03-19,0.006157768599819688
2019-03-20,-7.657584708155047e-05
2019-03-21,-0.0027267285664127044
2019-03-22,0.0037642444259035467
2019-03-25,-0.012953104460577304
2019-03-26,0.01131822041564674
2019-03-27,-0.0038718015039027973
2019-03-28,-0.006831299527043352
2019-03-29,0.0018489115865678186
2019-04-01,0.0011107392848396162
2019-04-02,0.003258354333520782
2019-04-03,2.0937054412943287e-05
2019-04-04,-0.007444858511294852
2019-04-05,0.0058123585249861805
2019-04-08,0.004847341279440959
2019-04-09,-0.006575607067437367
2019-04-10,-0.005437108268297272
2019-04-11,-0.011456974384445063
2019-04-12,0.0004348017494232711
2019-04-15,-0.00045826921302080583
2019-04-16,0.0013785919057760672
2019-04-17,-0.003005590128375608
2019-04-18,0.011708880905597834
2019-04-19,-0.005051070134204774
2019-04-22,-0.0012725766269925665
2019-04-23,-0.004197510370577236
2019-04-24,0.0012998381174921109
2019-04-25,0.0028179820224092933
2019-04-26,-0.0030687250941115246
2019-04-29,0.0010809858229313216
2019-04-30,-0.0018288609657740205
2019-05-01,-0.0034060367952724914
2019-05-02,-0.014114622118792174
2019-05-03,0.022286793859337503
2019-05-06,0.00016954320590055992
2019-05-07,0.001888106937424328
2019-05-08,0.0007501575468444958
2019-05-09,0.002586285145730718
2019-05-10,0.002464538794920555
2019-05-13,-8.308659438993323e-05
2019-05-14,-0.0008627570720510722
2019-05-15,-0.0007903805606787183
2019-05-16,0.00016514705865945493
2019-05-17,0.00413683233099484
2019-05-20,0.0016661585844394162
2019-05-21,0.0008194038506877666
2019-05-22,-0.0012622865587901422
2019-05-23,0.0012210689818907758
2019-05-24,9.43999476372883e-06
2019-05-27,0.0015696055247032964
2019-05-28,0.0011663901701917825
2019-05-29,-0.0026161082198809743
2019-05-30,0.0008545582982905447
2019-05-31,0.0007204008247060842
2019-06-03,-0.003991226867615495
2019-06-04,0.0006130374912788877
2019-06-05,0.0003189642577162005
2019-06-06,0.0008876514499153715
2019-06-07,0.0023488726632345863
2019-06-10,0.0012836593518266368
2019-06-11,0.0026514028118896048
2019-06-12,0.0018016673397976768
2019-06-13,0.007185665069296609
2019-06-14,-0.0008200019665129875
2019-06-17,0.004046421312300609
2019-06-18,3.5613784629394754e-05
2019-06-19,-0.0008497061127077269
2019-06-20,-0.0007593529093230054
2019-06-21,0.005453188672073828
2019-06-24,0.0010192567444374332
2019-06-25,0.0012741713742660708
2019-06-26,-0.001530152972925766
2019-06-27,-0.004392976679304152
2019-06-28,0.002643804669292294
2019-07-01,-0.002053333998034831
2019-07-02,0.00021774816478317216
2019-07-03,0.0038679963452925405
2019-07-04,-0.00010994440811879988
2019-07-05,0.001017663857135921
2019-07-08,-4.2967741152893923e-05
2019-07-09,-0.0006385585278319912
2019-07-10,-0.001773890964403718
2019-07-11,-0.0014682834163355458
2019-07-12,-0.005364559744492321
2019-07-15,-0.00486025252103379
2019-07-16,-0.006699205566681238
2019-07-17,-0.001821380410491191
2019-07-18,-0.0014112264937803703
2019-07-19,-0.00826517440110557
2019-07-22,0.0003267361985592968
2019-07-23,-0.0005796316512358313
2019-07-24,-0.00969029065724854
2019-07-25,-0.008402417887271883
2019-07-26,-0.0011570364978144923
2019-07-29,0.0006811079370407569
2019-07-30,-0.00875864020456667
2019-07-31,-0.0037320912372434695
2019-08-01,-0.003435563134141946
2019-08-02,0.0027714977585088147
2019-08-05,-0.0013005425847073234
2019-08-06,-0.0010072744111776749
2019-08-07,0.0020802503116369537
2019-08-08,-0.001350597659988021
2019-08-09,-0.0015736327146982656
2019-08-12,0.0018884391702603258
2019-08-13,-0.0052070499762752595
2019-08-14,-0.009478842247474053
2019-08-15,-0.005309696644490285
2019-08-16,0.007653392551910468
2019-08-19,-0.008549781903152467
2019-08-20,0.007361628807612423
2019-08-21,0.017887396626030432
2019-08-22,-0.0036617374522443643
2019-08-23,-0.00027593235220357447
2019-08-26,-0.003139395469200199
2019-08-27,-0.0043108516974237655
2019-08-28,-0.0048491828940535765
2019-08-29,0.0008309686005902647
2019-08-30,-0.0027049787675863775
2019-09-02,0.004233182874582207
2019-09-03,0.00824213656260693
2019-09-04,0.002957669720957263
2019-09-05,0.00038934960329815816
2019-09-06,0.0051920060732773415
2019-09-09,0.0016758156677333068
2019-09-10,-0.00043868036358729644
2019-09-11,-0.0014381094933261708
2019-09-12,0.0013180814623610093
2019-09-13,-0.00024277922553653524
2019-09-16,0.0030724843841680293
2019-09-17,0.0014972032748499509
2019-09-18,0.0029554469199442987
2019-09-19,-0.003817426090979629
2019-09-20,0.0007456925048289848
2019-09-23,0.0010218618695347695
2019-09-24,-0.007376256395439909
2019-09-25,0.01149614002854089
2019-09-26,-0.0026414729311391664
2019-09-27,-0.003920370925244533
2019-09-30,0.003116173611890618
2019-10-01,0.004076400414443124
2019-10-02,-0.006909570805266064
2019-10-03,0.001261970014555976
2019-10-04,0.004903506214366617
2019-10-07,0.002658114917133407
2019-10-08,0.0089507955822106
2019-10-09,0.002184336633646965
2019-10-10,-0.0006806049313793621
2019-10-11,-0.0007789669646674595
2019-10-14,5.793999584201379e-05
2019-10-15,-0.0015672081023745768
2019-10-16,-0.0014453114449238542
2019-10-17,0.0020712977938449084
2019-10-18,0.001966971344715223
2019-10-21,0.001175565658482836
2019-10-22,0.001221174914841634
2019-10-23,0.001997550839881748
2019-10-24,0.0021939628725653336
2019-10-25,0.0007354879134179237
2019-10-28,0.0012502248922161797
2019-10-29,0.009983205655715812
2019-10-30,0.004522563979196197
2019-10-31,0.0065204393664835564
2019-11-01,0.015790630257737782
2019-11-04,-0.003653359654735449
2019-11-05,-0.0020254711983317534
2019-11-06,-0.006614589434661037
2019-11-07,-0.0031944757209414008
2019-11-08,-0.006223873915668102
2019-11-11,0.0008305944536054349
2019-11-12,-0.0021690314101761587
2019-11-13,-0.008165454779449775
2019-11-14,-0.004869284126169344
2019-11-15,0.004361527330469437
2019-11-18,-0.011421795187155585
2019-11-19,0.032158047304731825
2019-11-20,6.504242547391778e-05
2019-11-21,0.004753481740499677
2019-11-22,-0.0014582198249096946
2019-11-25,-0.003517007502676618
2019-11-26,0.004779642993174935
2019-11-27,-0.004087889018748217
2019-11-28,0.004647160481172502
2019-11-29,0.0035835692184577692
2019-12-02,0.0015239825838722506
2019-12-03,0.000988370444595709
2019-12-04,0.006787354524900507
2019-12-05,-0.0027036075805680687
2019-12-06,-0.003054713533011473
2019-12-09,-0.004111200528883474
2019-12-10,0.0017006142302505023
2019-12-11,0.0019221929868398914
2019-12-12,0.0010185245207571035
2019-12-13,0.000760092778424374
2019-12-16,-0.0023175368831322395
2019-12-17,-0.0040533062939591075
2019-12-18,0.001440200123453305
2019-12-19,-0.00022780644483910706
2019-12-20,-0.0008848269398644979
2019-12-23,-0.0012191698596375387
2019-12-24,-0.0016581421279773315
2019-12-25,-0.00037476428478925314
2019-12-26,0.0021825322944078168
2019-12-27,0.002362814241534438
2019-12-30,0.0002903091629738847
2019-12-31,-0.000902808114648022
2020-01-01,0.0003029477957163109
2020-01-02,-0.003315969472852639
2020-01-03,0.0019383539490096116
2020-01-06,-0.0011474724147976464
2020-01-07,0.004149200994619521
2020-01-08,0.0012413567583658188
2020-01-09,0.0022335527590754793
2020-01-10,-0.0023053418318706538
2020-01-13,9.164028069268398e-05
2020-01-14,-0.003601337852358881
2020-01-15,-0.0023193871232783077
2020-01-16,0.003658921342949527
2020-01-17,0.000972941518745888
2020-01-20,0.0024661333456702655
2020-01-21,-0.0005728344132689815
2020-01-22,0.0007628568442108626
2020-01-23,-0.000866173493315337
2020-01-24,0.0022293647883078454
2020-01-27,-0.002051942037644935
2020-01-28,0.0011407111947290393
2020-01-29,-0.005196904590982194
2020-01-30,-9.06358121792114e-06
2020-01-31,0.0004665641375856378
2020-02-03,0.0011976506972308661
2020-02-04,0.0011080472880691727
2020-02-05,-0.0001063108092237159
2020-02-06,0.004166087611775327
2020-02-07,-0.0023992144297686913
2020-02-10,-0.0006304241589277521
2020-02-11,0.0009219914928465996
2020-02-12,0.002865303519991683
2020-02-13,0.0012213698099095387
2020-02-14,-0.0014845571527505467
2020-02-17,-0.00012203862362777929
2020-02-18,0.003185896948410845
2020-02-19,0.0025001712226852433
2020-02-20,-0.0019132912280262074
2020-02-21,-0.004571914538337168
2020-02-24,0.00790633025932998
2020-02-25,-0.004930351719459106
2020-02-26,-0.0009591505612508537
2020-02-27,0.001811964842170501
2020-02-28,-0.001053595229266585
2020-03-02,0.0015431492996909896
2020-03-03,-0.0021492869658664626
2020-03-04,0.002088070298723238
2020-03-05,0.0007469517701892117
2020-03-06,0.0009762185915487352
2020-03-09,-0.0019402947457252562
2020-03-10,0.0033628271105310406
2020-03-11,0.007941321443627067
2020-03-12,0.0037512263519627236
2020-03-13,-0.0015928278225659964
2020-03-16,0.005046011000855436
2020-03-17,0.0038692330770757136
2020-03-18,0.0011484798525641443
2020-03-19,-0.00035146532828956504
2020-03-20,0.0029406059407280517
2020-03-23,-0.0014919089883746895
2020-03-24,0.0010408891887019808
2020-03-25,0.0004427031667879337
2020-03-26,-0.00030059994339763293
2020-03-27,0.0014035447151223186
2020-03-30,0.0016936392604793397
2020-03-31,-0.0005756181821822562
2020-04-01,0.0026074833799745556
2020-04-02,-0.0006398067262343137
2020-04-03,0.0003194391132407611
2020-04-06,-0.00040336425778118683
2020-04-07,0.001031608069401553
2020-04-08,0.0016007168449758673
2020-04-09,0.002591381380385914
2020-04-10,0.0006498455164539018
2020-04-13,0.011173881405891775
2020-04-14,0.0037171406675005777
2020-04-15,0.0012237029366234625
2020-04-16,-0.009052764472833623
2020-04-17,0.0031085471155480647
2020-04-20,0.010349439532437372
2020-04-21,0.0003905855209468505
2020-04-22,0.003704670356393493
2020-04-23,0.0012962844068593587
2020-04-24,-0.0013615963956065402
2020-04-27,-0.0004884313143196928
2020-04-28,-0.000368644609699648
2020-04-29,0.0032625774690036103
2020-04-30,-0.005269287333467891
2020-05-01,0.005781600782253661
2020-05-04,-0.005768030286312512
2020-05-05,-0.01388421646345956
2020-05-06,0.0046005906077125625
2020-05-07,-0.0012110246750117982
2020-05-08,-0.002647705761641703
2020-05-11,-0.004878091745322628
2020-05-12,0.0022598897501230103
2020-05-13,0.007949096861658567
2020-05-14,-0.00027238662888507976
2020-05-15,0.0007406677633876741
2020-05-18,0.0024013554467437487
2020-05-19,0.00013639683251170064
2020-05-20,0.009809953542050751
2020-05-21,0.01005585444869678
2020-05-22,-0.009465333920309679
2020-05-25,0.0020942336145537994
2020-05-26,-0.0032137499916141477
2020-05-27,-0.0043336017155348365
2020-05-28,-0.0011613980312728642
2020-05-29,0.0067206939316826
2020-06-01,-0.0006797532722641654
2020-06-02,-0.0025160980793394036
2020-06-03,0.000416275854313127
2020-06-04,0.00014490625921202704
2020-06-05,0.0010944182988984232
2020-06-08,-0.001578380979144589
2020-06-09,0.0018176892270934247
2020-06-10,0.002722189548672137
2020-06-11,-0.00026487432178473103
2020-06-12,0.0007837055872203969
2020-06-15,0.0031723104779365708
2020-06-16,0.0032635815094873653
2020-06-17,0.0006299541762489879
2020-06-18,0.0049241934731883395
2020-06-19,-0.001049744447425052
2020-06-22,-0.0019655821281001646
2020-06-23,-0.0026450364924741933
2020-06-24,-0.005934937540161505
2020-06-25,0.002058820369616645
2020-06-26,-0.002011481617084712
2020-06-29,0.004567683565906673
2020-06-30,0.00641158021781924
2020-07-01,0.000475331905327092
2020-07-02,0.002107823020676549
2020-07-03,-0.0003089016585816305
2020-07-06,0.0023289895382745517
2020-07-07,0.00033114302239796705
2020-07-08,-0.0002319783305138861
2020-07-09,0.002398320249596582
2020-07-10,0.001734693213420293
2020-07-13,0.0012675273118397381
2020-07-14,0.0026117928160538425
2020-07-15,-0.0006998232242620816
2020-07-16,0.004190078281877823
2020-07-17,-0.004913271834362057
2020-07-20,0.003005424974636522
2020-07-21,-7.204610715406089e-05
2020-07-22,-0.000976442780925015
2020-07-23,0.0015002548404652815
2020-07-24,-0.000967369315665304
2020-07-27,-0.0018084596270852718
2020-07-28,-0.0037150408894284156
2020-07-29,-0.0031197189450968797
2020-07-30,0.00047625972728187506
2020-07-31,-0.0006391242702769406
2020-08-03,0.0021230951185771387
2020-08-04,0.0023998703898673677
2020-08-05,0.0010528802510589626
2020-08-06,-0.0018011465542401967
2020-08-07,-0.00026619912765507873
2020-08-10,0.0022123167470776296
2020-08-11,-0.001195852331156993
2020-08-12,-0.0010303452361075938
2020-08-13,-5.840158094892918e-05
2020-08-14,0.0014226581303328888
2020-08-17,0.001354746603951202
2020-08-18,-0.0015302139170985229
2020-08-19,-0.003081415134789739
2020-08-20,0.00611467435097151
2020-08-21,-0.002528009352932563
2020-08-24,0.008537403930694819
2020-08-25,0.003020456365652416
2020-08-26,0.0032333163193991182
2020-08-27,0.0019875732076984807
2020-08-28,0.0023527672373889873
2020-08-31,-0.0032248231609523486
2020-09-01,0.001824778667379198
2020-09-02,0.001076559414549292
2020-09-03,0.004771919550070818
2020-09-04,0.0032342630852920783
2020-09-07,-0.0011633552423712988
2020-09-08,0.001460825467688989
2020-09-09,-0.001898602387349159
2020-09-10,0.0009147344731772009
2020-09-11,0.0016895603775045577
2020-09-14,0.002006245552960778
2020-09-15,9.918093534021927e-05
2020-09-16,-0.0011354925973449193
2020-09-17,-0.0014054935272393685
2020-09-18,-0.0015028563537682425
2020-09-21,-0.0016546782143180316
2020-09-22,0.00033061420991661915
2020-09-23,0.0012486284862651825
2020-09-24,0.0021974599276502497
2020-09-25,0.002850395979422976
2020-09-28,-0.0017699419069767885
2020-09-29,-0.00024502409358394077
2020-09-30,-0.0024362608539495543
2020-10-01,0.0018716997494797084
2020-10-02,0.007940747421972935
2020-10-05,-0.0002738234557878548
2020-10-06,-0.0042186964422836135
2020-10-07,-0.002834206197717881
2020-10-08,0.0012190226956386102
2020-10-09,-0.0009554601713941599
2020-10-12,-0.004985940997306704
2020-10-13,0.0007185242928938193
2020-10-14,0.0023134903888116414
2020-10-15,-0.009393405853393148
2020-10-16,0.0018141522389638273
2020-10-19,-0.00927106088407748
2020-10-20,0.006525893842840592
2020-10-21,-0.004200024882025664
2020-10-22,-0.01283359470891288
2020-10-23,-0.0008092033281257967
2020-10-26,0.002331701821122561
2020-10-27,0.0047533172621620785
2020-10-28,-0.007818749175998
2020-10-29,0.006639422493835635
2020-10-30,0.00024148502727502533
2020-11-02,0.005887353780522681
2020-11-03,-0.008861768933361493
2020-11-04,-0.004119781459223418
2020-11-05,-0.0008420715380791417
2020-11-06,0.003793321264688874
2020-11-09,-0.004915649821915466
2020-11-10,0.0006971060821862236
2020-11-11,0.004564357832679564
2020-11-12,0.010391661871072972
2020-11-13,0.001728908215274166
2020-11-16,0.003811157015963438
2020-11-17,0.0001986907350810599
2020-11-18,-0.0005428635464811262
2020-11-19,-0.001588979911441296
2020-11-20,0.0017036233624549597
2020-11-23,-0.001897101015437521
2020-11-24,0.001765307471943913
2020-11-25,0.005429458907918957
2020-11-26,-0.00036285693633627473
2020-11-27,0.0004456616452094722
2020-11-30,-0.0006522777577325743
2020-12-01,0.0013725390862843467
2020-12-02,0.001897028576537102
2020-12-03,0.0006112680838470056
2020-12-04,-0.00044206823164392095
2020-12-07,0.0006013431591346506
2020-12-08,-0.0010960999147513369
2020-12-09,0.0012047847011063522
2020-12-10,0.001834905953849662
2020-12-11,0.001517058430158042
2020-12-14,-0.0028815591814298205
2020-12-15,0.00036884576398616255
2020-12-16,-0.001976760042829515
2020-12-17,0.0033722219409781217
2020-12-18,-0.0022474830720644844
2020-12-21,0.0034507258818922493
2020-12-22,-0.000641321295111802
2020-12-23,-0.00043606344396826947
2020-12-24,0.0029937359374426456
2020-12-25,0.000632925949268473
2020-12-28,-0.0006357007670084384
2020-12-29,0.0014157960354511789
2020-12-30,0.0004447092430559402
2020-12-31,0.004568006029288002
2021-01-01,-0.003316125273273702
2021-01-04,-0.0021094005976711495
2021-01-05,-0.0014812380374767623
2021-01-06,-0.0010699244357337927
2021-01-07,0.006877798320176317
2021-01-08,0.008288914916364732
2021-01-11,-0.002574381727991408
2021-01-12,-0.002569368626649379
2021-01-13,-0.0019577271732317044
2021-01-14,0.0013432371805566132
2021-01-15,0.002454203967166362
2021-01-18,-0.004203579200623711
2021-01-19,0.0018274914473209222
2021-01-20,-0.0038963582109462613
2021-01-21,0.0011552025260793313
2021-01-22,0.001355659149799275
2021-01-25,0.0009365684520344936
2021-01-26,-0.00011704694274745567
2021-01-27,0.0022044261236805196
2021-01-28,0.001953900757473327
2021-01-29,-0.0006158088501381654
2021-02-01,-0.0024354108902249296
2021-02-02,-0.000279630887124824
2021-02-03,0.001989504925230666
2021-02-04,0.0004352475781510389
2021-02-05,-0.004957389480283479
2021-02-08,-0.008522804375889141
2021-02-09,0.006094999362607878
2021-02-10,0.0029202256674575374
2021-02-11,-0.0008226285607407617
2021-02-12,0.0005568271171750045
2021-02-15,0.01186050476853261
2021-02-16,-0.004218046627968371
2021-02-17,0.0027203785811484383
2021-02-18,-0.003017071874931467
2021-02-19,0.00918400506566502
2021-02-22,-0.007117871910398817
2021-02-23,-0.0004530166373416227
2021-02-24,-0.0017352484939361199
2021-02-25,0.002910835696601206
2021-02-26,0.0010170456075653742
2021-03-01,0.006787511789398938
2021-03-02,-0.0022030932810417755
2021-03-03,0.0005550626624416122
2021-03-04,0.0009095050494441863
2021-03-05,0.0039811402980132506
2021-03-08,0.0029239744229340014
2021-03-09,-0.001013583569121644
2021-03-10,0.001293332877338116
2021-03-11,-0.002240999898732223
2021-03-12,-0.0010541757705112293
2021-03-15,-0.00034947672385581604
2021-03-16,0.002359722873071131
2021-03-17,-0.000697266974590059
2021-03-18,0.0031643768213085316
2021-03-19,-0.001579602564074523
2021-03-22,-0.0009501499567189139
2021-03-23,0.0013659209590660918
2021-03-24,-0.004443086003118466
2021-03-25,-0.0022183801029220756
2021-03-26,0.003193944964915673
2021-03-29,3.240642178706796e-05
2021-03-30,0.0018873176608084725
2021-03-31,0.002314919128190515
2021-04-01,-0.00045364466054228846
2021-04-02,-0.0014251255703527314
2021-04-05,-0.0011970296367015021
2021-04-06,0.004846527686362267
2021-04-07,0.0002320835104157922
2021-04-08,-0.0008895854275538218
2021-04-09,-0.0055668111443244695
2021-04-12,0.0037930506334507216
2021-04-13,-0.0016919414321645257
2021-04-14,-2.0837869980916413e-06
2021-04-15,0.0001235784257678774
2021-04-16,-0.003660606233779902
2021-04-19,-0.0012492126872997687
2021-04-20,-0.005552679200396185
2021-04-21,-0.002194801664978872
2021-04-22,0.00754297026343536
2021-04-23,-0.0003412989530721562
2021-04-26,0.000858495526138672
2021-04-27,-0.0024591146698544966
2021-04-28,0.004928435504372846
2021-04-29,0.00022560076795166174
2021-04-30,0.001137012631149157
2021-05-03,0.001235348660800992
2021-05-04,0.008741054988569797
2021-05-05,0.0011216972249845202
2021-05-06,-0.0027025343648159894
2021-05-07,0.0012174942735617023
2021-05-10,0.005041261614194638
2021-05-11,-0.0003840399436708976
2021-05-12,-0.000845219007605846
2021-05-13,-0.0009381412823707799
2021-05-14,-0.0002864845132522203
2021-05-17,0.00040935163054528186
2021-05-18,0.0011611690633785438
2021-05-19,0.0011908032235464494
2021-05-20,0.002526657777599738
2021-05-21,-0.00020527492837783975
2021-05-24,3.561892733897759e-05
2021-05-25,0.0011988933575587763
2021-05-26,0.001764114521863187
2021-05-27,7.165021306857269e-06
2021-05-28,-0.0008792675736635554
2021-05-31,0.0001268795417309317
2021-06-01,1.4085617122670075e-05
2021-06-02,-0.0009073354772413701
2021-06-03,0.0009416236223641966
2021-06-04,0.0008773758808449841
2021-06-07,0.0009812730406194136
2021-06-08,0.004620334984691615
2021-06-09,-0.0019156569780794273
2021-06-10,0.0012382099255298798
2021-06-11,-0.0016788719986895136
2021-06-14,0.0008969507234905835
2021-06-15,0.0011512235478344976
2021-06-16,-0.0035017474325072092
2021-06-17,-0.007371433870202905
2021-06-18,-0.0016811750957644099
2021-06-21,0.001726559635373482
2021-06-22,0.0017066380299124886
2021-06-23,0.006834969320562049
2021-06-24,0.008779380940438444
2021-06-25,0.002241026537543869
2021-06-28,-0.0014251056726815089
2021-06-29,-0.001776205913100827
2021-06-30,-0.0055873739006877515
2021-07-01,-0.006431308012801666
2021-07-02,-0.005888945249022015
2021-07-05,-0.005260689130337256
2021-07-06,0.0016139072275297723
2021-07-07,0.002142012377667332
2021-07-08,0.0018529643790943526
2021-07-09,-0.003121752596586472
2021-07-12,0.004749938563382756
2021-07-13,0.0007933678341729944
2021-07-14,0.016186868859819382
2021-07-15,-0.009858886480309364
2021-07-16,0.0018850942073925935
2021-07-19,-0.003210130150626228
2021-07-20,-0.00837104858694861
2021-07-21,0.00014083633086947166
2021-07-22,-0.008056589430229718
2021-07-23,0.007827067351890154
2021-07-26,-0.013189100146930857
2021-07-27,-0.004888664783484455
2021-07-28,-0.0022206704987762947
2021-07-29,-0.007345697526641331
2021-07-30,0.007624109220924943
2021-08-02,0.003325877840919863
2021-08-03,-0.006255328567079542
2021-08-04,0.007509495355632017
2021-08-05,-0.0033527531719697635
2021-08-06,-0.003896535340259892
2021-08-09,-0.00923668376035037
2021-08-10,0.007390737233339412
2021-08-11,-0.009862262825582304
2021-08-12,0.001994895676125899
2021-08-13,0.0013931954209076285
2021-08-16,0.006000324196245046
2021-08-17,0.006335311594735822
2021-08-18,-0.0012840766165556038
2021-08-19,0.0033245343690555358
2021-08-20,-0.003311759059232484
2021-08-23,0.002200686310043559
2021-08-24,0.0013413520709552023
2021-08-25,-0.0004968842221683249
2021-08-26,0.0016970759714972088
2021-08-27,0.0013994189926794522
2021-08-30,0.00028223717608750825
2021-08-31,0.000687033201933653
2021-09-01,0.001185218760112891
2021-09-02,-0.006919014023217726
2021-09-03,0.0010512940478603558
2021-09-06,0.00026242734517843203
2021-09-07,0.0022321405573284187
2021-09-08,-0.006798576194288928
2021-09-09,-0.0025331283779289945
2021-09-10,-0.002182381357419414
2021-09-13,-0.002896232835608388
2021-09-14,-0.0037907658547312166
2021-09-15,0.0026939163127767006
2021-09-16,-0.008314952163095383
2021-09-17,-0.007693292160822962
2021-09-20,-0.00107794644852004
2021-09-21,0.0001622466042475667
2021-09-22,-0.007876923119892725
2021-09-23,2.579136162175538e-05
2021-09-24,-0.0009400061246839079
2021-09-27,-0.00265769031313623
2021-09-28,-8.28354833494816e-05
2021-09-29,-0.0019028453181729257
2021-09-30,0.011886415674443125
2021-10-01,0.002386154042633854
2021-10-04,-0.0020969145218001153
2021-10-05,-0.0008550543342093556
2021-10-06,0.0017411245933086114
2021-10-07,0.005558897713494191
2021-10-08,-0.0022695723019057145
2021-10-11,0.0032140034757093226
2021-10-12,-8.0596774363013e-05
2021-10-13,0.002490849924300898
2021-10-14,6.13382911689199e-05
2021-10-15,-0.0015305972066830312
2021-10-18,0.0009353889048812195
2021-10-19,0.00015279722271857067
2021-10-20,-0.0009872789183525564
2021-10-21,-0.005498172708551664
2021-10-22,-0.00088742741694957
2021-10-25,0.0028519568872695193
2021-10-26,0.0013414013633184351
2021-10-27,0.0036710301333207056
2021-10-28,-0.0042000063953127765
2021-10-29,0.004985425086353388
2021-11-01,-0.0024777851684108457
2021-11-02,0.0023897338642365398
2021-11-03,-0.0017679847431838632
2021-11-04,-0.006780567432593341
2021-11-05,0.012168791464065387
2021-11-08,-0.0034491305093539947
2021-11-09,0.0007073490129043398
2021-11-10,-0.0024804010134510594
2021-11-11,-0.004322000694082815
2021-11-12,-0.0005016507616823467
2021-11-15,-0.0010827843905448806
2021-11-16,-0.00034918324996949593
2021-11-17,5.5883116590289134e-05
2021-11-18,-0.004230565362820597
2021-11-19,-0.0015895668887979438
2021-11-22,-0.007042061172278678
2021-11-23,-0.0025144039207747803
2021-11-24,0.00993445219266452
2021-11-25,-0.013225769145419284
2021-11-26,0.0035564546745628822
2021-11-29,-0.008978907154323753
2021-11-30,-0.0016980782392394319
2021-12-01,-0.004889462724143776
2021-12-02,0.0018203537749383481
2021-12-03,-0.003477417792097023
2021-12-06,0.0006186160262708529
2021-12-07,-0.011633981084714397
2021-12-08,-0.003176590491121586
2021-12-09,-0.006550857291517721
2021-12-10,0.013029163665456055
2021-12-13,0.00017270956629842347
2021-12-14,-0.0017151561612617867
2021-12-15,0.0016284173530114836
2021-12-16,-0.006044781585405755
2021-12-17,0.0026592791601687993
2021-12-20,-0.0028736687304812135
2021-12-21,-0.008871961078890624
2021-12-22,0.012345290468678043
2021-12-23,-0.003986837963968484
2021-12-24,0.0014895922842160243
2021-12-27,0.005027001905073644
2021-12-28,-0.0031785597877510416
2021-12-29,-0.0019988245619415902
2021-12-30,-0.0014667488442023768
2021-12-31,-0.0006815511257585881
2022-01-03,-0.0017041545805154485
2022-01-04,-0.005611448751706489
2022-01-05,0.0007619592605943578
2022-01-06,0.0017687818482823572
2022-01-07,0.004949710676890089
2022-01-10,-0.002182322651717027
2022-01-11,0.0007308574118530808
2022-01-12,0.005941680504164455
2022-01-13,0.006813188591057881
2022-01-14,0.0013604419879915345
2022-01-17,-0.0004364989693650123
2022-01-18,0.001012132820196721
2022-01-19,-0.002960191714927781
2022-01-20,0.004856573538354336
2022-01-21,0.0008012642745763996
2022-01-24,-0.0009134149484329273
2022-01-25,-0.0005666410773040838
2022-01-26,-0.008209975145632657
2022-01-27,0.0036739342568593847
2022-01-28,-0.0006444246270153565
2022-01-31,-0.002331245369319678
2022-02-01,2.1611619427404707e-05
2022-02-02,-0.00024819952078521866
2022-02-03,-0.000441796832443362
2022-02-04,3.504833017499778e-05
2022-02-07,-0.002284146184497849
2022-02-08,1.714299728127009e-05
2022-02-09,0.0019729107663306973
2022-02-10,0.002784996255748238
2022-02-11,-0.004947034526325392
2022-02-14,-0.003237277591397244
2022-02-15,0.004817424423363262
2022-02-16,0.00326809424119336
2022-02-17,0.0012950468971307436
2022-02-18,0.004347434907944374
2022-02-21,0.0026561606825709423
2022-02-22,0.0024250844554249244
2022-02-23,-0.002358743204278809
2022-02-24,-0.0004487118768048935
2022-02-25,0.001174375105742937
2022-02-28,0.0007444902155465333
2022-03-01,-0.002548977812889326
2022-03-02,0.005680375339888799
2022-03-03,0.0009631663957536309
2022-03-04,-0.0022538334456338053
2022-03-07,0.0005748417346169935
2022-03-08,-0.000540105519271025
2022-03-09,-0.000599337857480341
2022-03-10,0.0018360172090227272
2022-03-11,-0.0019228067838314403
2022-03-14,-6.326565175908015e-05
2022-03-15,-0.0017532042453161033
2022-03-16,0.011256212211092676
2022-03-17,-0.0010100670635756134
2022-03-18,0.0003344983006572438
2022-03-21,0.01018203322770896
2022-03-22,-9.761363534459104e-06
2022-03-23,0.004433587252440566
2022-03-24,-0.0012166101668481706
2022-03-25,0.0018581930332405225
2022-03-28,0.0002477511519849186
2022-03-29,0.00027451278906841757
2022-03-30,-0.0006546635968401049
2022-03-31,-0.0024606669504556086
2022-04-01,-0.004852502399900972
2022-04-04,-0.004844128335745254
2022-04-05,-0.0007823385060288374
2022-04-06,0.008131006208394746
2022-04-07,-0.001302910998056253
2022-04-08,-0.006790014865103384
2022-04-11,-0.0016859209684568998
2022-04-12,-0.009072465193685288
2022-04-13,-0.0058702826351608684
2022-04-14,-0.0019266959068643865
2022-04-15,-0.0024742261860712534
2022-04-18,0.0006109743342919469
2022-04-19,0.006941589053822633
2022-04-20,0.001159113418180135
2022-04-21,-0.0025971660228034403
2022-04-22,0.002480334534521399
2022-04-25,-0.0026459295076172507
2022-04-26,-0.0032232866454158155
2022-04-27,-0.006552090494954786
2022-04-28,-0.0034869331880970373
2022-04-29,-0.0009049776498920464
2022-05-02,0.00462892122127552
2022-05-03,-0.00697813764864552
2022-05-04,0.003548562047290052
2022-05-05,0.0002948321141943231
2022-05-06,0.0018269236978031473
2022-05-09,0.0005725081820596744
2022-05-10,-0.005727233808939377
2022-05-11,-0.004440109567043627
2022-05-12,-0.0019197120009655094
2022-05-13,-0.0013867064330545355
2022-05-16,-0.003862564972376323
2022-05-17,0.0005818660359271174
2022-05-18,0.0011007600511128827
2022-05-19,-0.001091396057515849
2022-05-20,0.0026887646956913957
2022-05-23,-0.0023518956705308137
2022-05-24,-0.0007220138870387752
2022-05-25,-0.0004012613886668513
2022-05-26,0.0004296893230461415
2022-05-27,-0.001431075969716423
2022-05-30,0.002319467604272085
2022-05-31,0.0015837152447241896
2022-06-01,-0.0010892389007545224
2022-06-02,0.00284020352506008
2022-06-03,2.971567939148885e-05
2022-06-06,0.0031101596158045006
2022-06-07,0.003191680062454322
2022-06-08,-0.003491942599399304
2022-06-09,-0.00018574680463458951
2022-06-10,0.0012171803223522443
2022-06-13,6.261129715898726e-05
2022-06-14,0.0015488599471531299
2022-06-15,0.00234332073065391
2022-06-16,0.002511091778206992
2022-06-17,0.0016030892081479028
2022-06-20,-0.002987613504051621
2022-06-21,0.0005714525838575483
2022-06-22,0.005600339604993777
2022-06-23,0.013627450526472955
2022-06-24,0.0016531430198431785
2022-06-27,0.002545398239192375
2022-06-28,-0.0014644773887896546
2022-06-29,0.007691874405539326
2022-06-30,-0.0007130296095929356
2022-07-01,-0.004227635210163882
2022-07-04,-0.0008453477012069404
2022-07-05,-0.008898255943261612
2022-07-06,0.0025238343534894625
2022-07-07,-0.014798664942273627
2022-07-08,-0.004250930438387843
2022-07-11,0.0011480714291977135
2022-07-12,-0.012734176120952862
2022-07-13,0.004666699189304017
2022-07-14,0.0019602948279919654
2022-07-15,0.002091513919236907
2022-07-18,-0.0009336881145936247
2022-07-19,6.94299900505348e-05
2022-07-20,0.002207160286184743
2022-07-21,-0.006507241629058389
2022-07-22,0.004045819736585421
2022-07-25,-0.0015426426078365939
2022-07-26,0.005533893196371635
2022-07-27,-0.0006624993866200771
2022-07-28,0.005455263740717415
2022-07-29,-0.0035993946627581926
2022-08-01,-0.000497075787796601
2022-08-02,0.001677596537836752
2022-08-03,0.005145569795211271
2022-08-04,0.008526790430839972
2022-08-05,0.0003026693370043721
2022-08-08,-0.00011067988932172285
2022-08-09,0.0014731660367514987
2022-08-10,-0.0016001134917910317
2022-08-11,0.012225071069225442
2022-08-12,-0.0019231372229049394
2022-08-15,0.02490873320075479
2022-08-16,-0.0008555616286006207
2022-08-17,0.006840657918912402
2022-08-18,-0.004125261860287742
2022-08-19,0.009461293380912308
2022-08-22,-0.0037904203968229
2022-08-23,-0.005250810924101831
2022-08-24,-0.006330536892841944
2022-08-25,-0.0034145479201286126
2022-08-26,-0.006200426606193188
2022-08-29,0.0013183749637906757
2022-08-30,0.0036350764799672978
2022-08-31,-0.006705472963982092
2022-09-01,0.015793812740655864
2022-09-02,-0.005041900803865103
2022-09-05,0.017160749073747684
2022-09-06,-0.010233923321104756
2022-09-07,0.002303802058535348
2022-09-08,0.011853884639775148
2022-09-09,0.009215875494945448
2022-09-12,0.0017197928971337418
2022-09-13,0.005536332261020198
2022-09-14,0.0009605043511345269
2022-09-15,0.002043028630934682
2022-09-16,0.0076745753631556855
2022-09-19,-0.006454849501265389
2022-09-20,0.0006799339628507251
2022-09-21,0.002243200890822446
2022-09-22,-0.004977202159322491
2022-09-23,0.007992676305662517
2022-09-26,-0.0009903711371288502
2022-09-27,0.002788239286455066
2022-09-28,0.004561950417071027
2022-09-29,-0.009360989746013853
2022-09-30,-0.0006162611948586339
2022-10-03,0.0041579904572325715
2022-10-04,-0.0068473011618333315
2022-10-05,0.0041261766329526404
2022-10-06,0.0040093525710887
2022-10-07,-0.005650037983001266
2022-10-10,-0.0014315326004172815
2022-10-11,0.0066646781880496525
2022-10-12,-0.0028292891959305288
2022-10-13,0.0001964400300283899
2022-10-14,-0.004677856362024795
2022-10-17,0.008843173266772688
2022-10-18,-0.006335352623061688
2022-10-19,-0.007829784497515861
2022-10-20,0.009350380048401358
2022-10-21,-0.0031599418376933824
2022-10-24,0.003208831311464159
2022-10-25,0.004936333760928498
2022-10-26,-0.0030782988807628005
2022-10-27,0.005541470161894674
2022-10-28,-0.003915696058437957
2022-10-31,-0.0008488364789400218
2022-11-01,0.0011469348851736146
2022-11-02,0.0005600402632165917
2022-11-03,-0.0005517428233635232
2022-11-04,-0.0007311565338908839
2022-11-07,0.0005170780823566266
2022-11-08,-0.0012444975205610173
2022-11-09,0.001570836452043822
2022-11-10,0.003109469007000962
2022-11-11,0.001567001128390439
2022-11-14,-0.001305879093157952
2022-11-15,0.0023603177429065226
2022-11-16,-0.002242284067232791
2022-11-17,0.005521704622637168
2022-11-18,0.0016228827934569243
2022-11-21,0.004583425231999667
2022-11-22,-0.0009485951360406119
2022-11-23,2.7252196272118203e-05
2022-11-24,-0.0015226020922144614
2022-11-25,0.0030097963683252175
2022-11-28,-0.0009734911005310244
2022-11-29,-0.0001768588332456552
2022-11-30,-0.01066150416849841
2022-12-01,-0.005515664179097728
2022-12-02,0.007754614381770232
2022-12-05,0.004340736003530638
2022-12-06,0.006700805904470821
2022-12-07,0.005176266906366037
2022-12-08,0.004921260366151421
2022-12-09,-0.0011938520972108492
2022-12-12,-0.0028999205011791904
2022-12-13,0.0014007297209299857
2022-12-14,-0.0008713195258086068
2022-12-15,-0.0035793048157080586
2022-12-16,-0.0011708256219541769
2022-12-19,-0.0014515759461662982
2022-12-20,-8.710566372038223e-05
2022-12-21,-0.004480758819530447
2022-12-22,-0.006771231362943568
2022-12-23,0.005809586599067044
2022-12-26,0.002139721372197837
2022-12-27,0.0035037989396710526
2022-12-28,0.005490979228434594
2022-12-29,-0.002392695681704693
2022-12-30,-0.0014252595168311765
2023-01-02,0.0005699300673013929
2023-01-03,-0.0032475575144238506
2023-01-04,0.007166608647979007
2023-01-05,-0.007399219477232567
2023-01-06,0.0010524629431266025
2023-01-09,-3.0712610372096195e-05
2023-01-10,-0.0021918430254774775
2023-01-11,-0.005520787429436073
2023-01-12,-0.0010419364438083692
2023-01-13,0.009035709763760261
2023-01-16,-0.00014504670915044834
2023-01-17,0.0006966817582599329
2023-01-18,0.002539292343883049
2023-01-19,-0.0002520232676594446
2023-01-20,0.00204437985024838
2023-01-23,-0.001537791065663376
2023-01-24,0.004139782103534316
2023-01-25,-0.0003101723831680919
2023-01-26,-0.003198484227734334
2023-01-27,0.0024090590637267763
2023-01-30,0.0012590879557779575
2023-01-31,0.0003495231110099486
2023-02-01,-0.00015282704153230789
2023-02-02,0.0002708153760881118
2023-02-03,-0.0010717568165539417
2023-02-06,-0.0018320654321519816
2023-02-07,2.3433223873296424e-05
2023-02-08,0.0007837098537920141
2023-02-09,-0.0009742572704948653
2023-02-10,0.0038336836485535607
2023-02-13,0.0007673847348404969
2023-02-14,0.00018928446721319203
2023-02-15,0.0013778142586942212
2023-02-16,0.001322390337773571
2023-02-17,0.001718459364441845
2023-02-20,-0.0016430388203257235
2023-02-21,-0.002008829125858023
2023-02-22,-0.00035597101629260784
2023-02-23,0.0007157322275198903
2023-02-24,0.003237073396822082
2023-02-27,-0.0011669888299188245
2023-02-28,0.0037328055184000994
2023-03-01,0.0012381697755246173
2023-03-02,0.0016198422552567097
2023-03-03,0.0010949656456931114
2023-03-06,-0.0029221768234841787
2023-03-07,-0.0005001247023373953
2023-03-08,-0.004899690605134407
2023-03-09,-0.0009619002793157928
2023-03-10,-0.00407116239086697
2023-03-13,0.003318517036137507
2023-03-14,-0.004811262929103605
2023-03-15,0.001567048942024825
2023-03-16,0.002919187134237962
2023-03-17,0.004859064908887007
2023-03-20,-0.003353351191786756
2023-03-21,0.0021758263930116493
2023-03-22,0.0008013114496643193
2023-03-23,0.002442663431788601
2023-03-24,-0.0032275502224065333
2023-03-27,0.0017249098773747086
2023-03-28,0.008249624822575505
2023-03-29,-0.000759618201248949
2023-03-30,-0.012085388528449564
2023-03-31,0.0008351783976409469
2023-04-03,-0.02663160260414829
2023-04-04,0.005845773389725987
2023-04-05,0.012128684800187207
2023-04-06,-0.006926726588605306
2023-04-07,-0.0005542601188317075
2023-04-10,0.01665250070036019
2023-04-11,-0.01766564123122988
2023-04-12,-0.014625904470559083
2023-04-13,-0.002054058605353745
2023-04-14,-0.007996347884174727
2023-04-17,-0.00325103935254113
2023-04-18,-0.016262866685505032
2023-04-19,0.007119433843558473
2023-04-20,0.0033207699697509648
2023-04-21,0.007419014992008279
2023-04-24,0.005976610620359321
2023-04-25,-0.0006674450423521867
2023-04-26,-0.019611907780421607
2023-04-27,0.006867701967593643
2023-04-28,-0.010243624807755517
2023-05-01,0.00354606186531854
2023-05-02,0.016894221156202326
2023-05-03,-0.008895878474458083
2023-05-04,0.007750503251497759
2023-05-05,0.01648853111057384
2023-05-08,0.006081904028511656
2023-05-09,0.002676521216654182
2023-05-10,-0.012780226805567153
2023-05-11,0.00850210300112448
2023-05-12,-0.0017563672112186467
2023-05-15,0.001253607335075597
2023-05-16,0.0005973152717753689
2023-05-17,-0.0001040511796152558
2023-05-18,0.002690688924166265
2023-05-19,-0.0014145179174432192
2023-05-22,0.004025013380907546
2023-05-23,-0.0008538104233043253
2023-05-24,0.0006709202359100538
2023-05-25,-0.0008028031106289096
2023-05-26,-0.002283932550287547
2023-05-29,-0.005442266398804871
2023-05-30,0.0017505573102029907
2023-05-31,0.011532409801611455
2023-06-01,0.004008172587432229
2023-06-02,-0.0011509863197560087
2023-06-05,0.001176533120107584
2023-06-06,-0.007397390699717766
2023-06-07,0.0032141659828667296
2023-06-08,0.006153884088176492
2023-06-09,0.00032829289947733115
2023-06-12,-0.0016006958261457413
2023-06-13,-0.0013773721146247866
2023-06-14,0.00038277644817093703
2023-06-15,-0.0005514903526515278
2023-06-16,0.002629245087574353
2023-06-19,-0.0003129017722623452
2023-06-20,0.0004096341924797575
2023-06-21,0.0005955773101553397
2023-06-22,-0.0008605975189650403
2023-06-23,0.005045815451276667
2023-06-26,0.00018840405892991052
2023-06-27,0.0015963261022397838
2023-06-28,2.6135003096912097e-05
2023-06-29,0.000950232935521949
2023-06-30,-0.003027035870082929
